/* AUTO-GENERATED by build_trutefel_o2r.py — do not edit by hand.
   Compiled skeleton + animations for object_miniblin; meshes/textures live in
   trutefel-enemies.o2r under __OTR__objects/trutefel/object_miniblin/. Same file compiles in soh and 2ship. */

static const ALIGN_ASSET(2) char gMiniblinSkel_arm_l_mesh_layer_Opaque_Ref[] =
    "__OTR__objects/trutefel/object_miniblin/gMiniblinSkel_arm_l_mesh_layer_Opaque";
static const ALIGN_ASSET(2) char gMiniblinSkel_arm_r_mesh_layer_Opaque_Ref[] =
    "__OTR__objects/trutefel/object_miniblin/gMiniblinSkel_arm_r_mesh_layer_Opaque";
static const ALIGN_ASSET(2) char gMiniblinSkel_body_mesh_layer_Opaque_Ref[] =
    "__OTR__objects/trutefel/object_miniblin/gMiniblinSkel_body_mesh_layer_Opaque";
static const ALIGN_ASSET(2) char gMiniblinSkel_foot_l_mesh_layer_Opaque_Ref[] =
    "__OTR__objects/trutefel/object_miniblin/gMiniblinSkel_foot_l_mesh_layer_Opaque";
static const ALIGN_ASSET(2) char gMiniblinSkel_foot_r_mesh_layer_Opaque_Ref[] =
    "__OTR__objects/trutefel/object_miniblin/gMiniblinSkel_foot_r_mesh_layer_Opaque";
static const ALIGN_ASSET(2) char gMiniblinSkel_hand_l_mesh_layer_Opaque_Ref[] =
    "__OTR__objects/trutefel/object_miniblin/gMiniblinSkel_hand_l_mesh_layer_Opaque";
static const ALIGN_ASSET(2) char gMiniblinSkel_hand_r_mesh_layer_Opaque_Ref[] =
    "__OTR__objects/trutefel/object_miniblin/gMiniblinSkel_hand_r_mesh_layer_Opaque";
static const ALIGN_ASSET(2) char gMiniblinSkel_head_mesh_layer_Opaque_Ref[] =
    "__OTR__objects/trutefel/object_miniblin/gMiniblinSkel_head_mesh_layer_Opaque";
static const ALIGN_ASSET(2) char gMiniblinSkel_hip_l_mesh_layer_Opaque_Ref[] =
    "__OTR__objects/trutefel/object_miniblin/gMiniblinSkel_hip_l_mesh_layer_Opaque";
static const ALIGN_ASSET(2) char gMiniblinSkel_hip_r_mesh_layer_Opaque_Ref[] =
    "__OTR__objects/trutefel/object_miniblin/gMiniblinSkel_hip_r_mesh_layer_Opaque";
static const ALIGN_ASSET(2) char gMiniblinSkel_leftear1_mesh_layer_Opaque_Ref[] =
    "__OTR__objects/trutefel/object_miniblin/gMiniblinSkel_leftear1_mesh_layer_Opaque";
static const ALIGN_ASSET(2) char gMiniblinSkel_leftear2_mesh_layer_Opaque_Ref[] =
    "__OTR__objects/trutefel/object_miniblin/gMiniblinSkel_leftear2_mesh_layer_Opaque";
static const ALIGN_ASSET(2) char gMiniblinSkel_leg_l_mesh_layer_Opaque_Ref[] =
    "__OTR__objects/trutefel/object_miniblin/gMiniblinSkel_leg_l_mesh_layer_Opaque";
static const ALIGN_ASSET(2) char gMiniblinSkel_leg_r_mesh_layer_Opaque_Ref[] =
    "__OTR__objects/trutefel/object_miniblin/gMiniblinSkel_leg_r_mesh_layer_Opaque";
static const ALIGN_ASSET(2) char gMiniblinSkel_mouth_mesh_layer_Opaque_Ref[] =
    "__OTR__objects/trutefel/object_miniblin/gMiniblinSkel_mouth_mesh_layer_Opaque";
static const ALIGN_ASSET(2) char gMiniblinSkel_rightear1_mesh_layer_Opaque_Ref[] =
    "__OTR__objects/trutefel/object_miniblin/gMiniblinSkel_rightear1_mesh_layer_Opaque";
static const ALIGN_ASSET(2) char gMiniblinSkel_rightear2_mesh_layer_Opaque_Ref[] =
    "__OTR__objects/trutefel/object_miniblin/gMiniblinSkel_rightear2_mesh_layer_Opaque";
static const ALIGN_ASSET(2) char gMiniblinSkel_shoulder_l_mesh_layer_Opaque_Ref[] =
    "__OTR__objects/trutefel/object_miniblin/gMiniblinSkel_shoulder_l_mesh_layer_Opaque";
static const ALIGN_ASSET(2) char gMiniblinSkel_shoulder_r_mesh_layer_Opaque_Ref[] =
    "__OTR__objects/trutefel/object_miniblin/gMiniblinSkel_shoulder_r_mesh_layer_Opaque";
static const ALIGN_ASSET(2) char gMiniblinSkel_tail1_mesh_layer_Opaque_Ref[] =
    "__OTR__objects/trutefel/object_miniblin/gMiniblinSkel_tail1_mesh_layer_Opaque";
static const ALIGN_ASSET(2) char gMiniblinSkel_tailend_mesh_layer_Opaque_Ref[] =
    "__OTR__objects/trutefel/object_miniblin/gMiniblinSkel_tailend_mesh_layer_Opaque";
static const ALIGN_ASSET(2) char gMiniblinSkel_upperarm_l_mesh_layer_Opaque_Ref[] =
    "__OTR__objects/trutefel/object_miniblin/gMiniblinSkel_upperarm_l_mesh_layer_Opaque";
static const ALIGN_ASSET(2) char gMiniblinSkel_upperarm_r_mesh_layer_Opaque_Ref[] =
    "__OTR__objects/trutefel/object_miniblin/gMiniblinSkel_upperarm_r_mesh_layer_Opaque";
static const ALIGN_ASSET(2) char gMiniblinSkel_upperleg_l_mesh_layer_Opaque_Ref[] =
    "__OTR__objects/trutefel/object_miniblin/gMiniblinSkel_upperleg_l_mesh_layer_Opaque";
static const ALIGN_ASSET(2) char gMiniblinSkel_upperleg_r_mesh_layer_Opaque_Ref[] =
    "__OTR__objects/trutefel/object_miniblin/gMiniblinSkel_upperleg_r_mesh_layer_Opaque";

const ALIGN_ASSET(2) char gMiniblinSkel_eye_normal_rgba16[] =
    "__OTR__objects/trutefel/object_miniblin/gMiniblinSkel_eye_normal_rgba16";
const ALIGN_ASSET(2) char gMiniblinSkel_eye_halfclosed_rgba16[] =
    "__OTR__objects/trutefel/object_miniblin/gMiniblinSkel_eye_halfclosed_rgba16";
const ALIGN_ASSET(2) char gMiniblinSkel_eye_closed_rgba16[] =
    "__OTR__objects/trutefel/object_miniblin/gMiniblinSkel_eye_closed_rgba16";
const ALIGN_ASSET(2) char gMiniblinSkel_eye_laugh_rgba16[] =
    "__OTR__objects/trutefel/object_miniblin/gMiniblinSkel_eye_laugh_rgba16";
const ALIGN_ASSET(2) char gMiniblinSkel_eye_hit_rgba16[] =
    "__OTR__objects/trutefel/object_miniblin/gMiniblinSkel_eye_hit_rgba16";

StandardLimb gMiniblinSkelLimb_000 = { { 1413, -1309, -906 }, 1, 255, NULL };
StandardLimb gMiniblinSkelLimb_001 = { { -165, 7357, 0 }, 2, 255, (Gfx*)gMiniblinSkel_body_mesh_layer_Opaque_Ref };
StandardLimb gMiniblinSkelLimb_002 = { { 0, 3758, 0 }, 3, 7, (Gfx*)gMiniblinSkel_head_mesh_layer_Opaque_Ref };
StandardLimb gMiniblinSkelLimb_003 = { { -170, 2050, -870 }, 4, 5, (Gfx*)gMiniblinSkel_leftear1_mesh_layer_Opaque_Ref };
StandardLimb gMiniblinSkelLimb_004 = { { 0, 1753, 0 }, 255, 255, (Gfx*)gMiniblinSkel_leftear2_mesh_layer_Opaque_Ref };
StandardLimb gMiniblinSkelLimb_005 = {
    { -398, 2040, 1227 }, 6, 255, (Gfx*)gMiniblinSkel_rightear1_mesh_layer_Opaque_Ref
};
StandardLimb gMiniblinSkelLimb_006 = { { 0, 1421, 0 }, 255, 255, (Gfx*)gMiniblinSkel_rightear2_mesh_layer_Opaque_Ref };
StandardLimb gMiniblinSkelLimb_007 = { { 0, 0, 0 }, 8, 11, (Gfx*)gMiniblinSkel_hip_l_mesh_layer_Opaque_Ref };
StandardLimb gMiniblinSkelLimb_008 = { { 0, 1596, 0 }, 9, 255, (Gfx*)gMiniblinSkel_upperleg_l_mesh_layer_Opaque_Ref };
StandardLimb gMiniblinSkelLimb_009 = { { 0, 2402, 0 }, 10, 255, (Gfx*)gMiniblinSkel_leg_l_mesh_layer_Opaque_Ref };
StandardLimb gMiniblinSkelLimb_010 = { { 0, 3000, 0 }, 255, 255, (Gfx*)gMiniblinSkel_foot_l_mesh_layer_Opaque_Ref };
StandardLimb gMiniblinSkelLimb_011 = { { 107, 0, 38 }, 12, 15, (Gfx*)gMiniblinSkel_hip_r_mesh_layer_Opaque_Ref };
StandardLimb gMiniblinSkelLimb_012 = { { 0, 1596, 0 }, 13, 255, (Gfx*)gMiniblinSkel_upperleg_r_mesh_layer_Opaque_Ref };
StandardLimb gMiniblinSkelLimb_013 = { { 0, 2402, 0 }, 14, 255, (Gfx*)gMiniblinSkel_leg_r_mesh_layer_Opaque_Ref };
StandardLimb gMiniblinSkelLimb_014 = { { 0, 3000, 0 }, 255, 255, (Gfx*)gMiniblinSkel_foot_r_mesh_layer_Opaque_Ref };
StandardLimb gMiniblinSkelLimb_015 = { { 0, 0, 0 }, 16, 18, NULL };
StandardLimb gMiniblinSkelLimb_016 = { { 0, 2228, 0 }, 17, 255, (Gfx*)gMiniblinSkel_tail1_mesh_layer_Opaque_Ref };
StandardLimb gMiniblinSkelLimb_017 = { { 0, 3147, 0 }, 255, 255, (Gfx*)gMiniblinSkel_tailend_mesh_layer_Opaque_Ref };
StandardLimb gMiniblinSkelLimb_018 = { { 0, 3758, 0 }, 255, 19, (Gfx*)gMiniblinSkel_mouth_mesh_layer_Opaque_Ref };
StandardLimb gMiniblinSkelLimb_019 = { { 0, 3758, 0 }, 20, 23, (Gfx*)gMiniblinSkel_shoulder_l_mesh_layer_Opaque_Ref };
StandardLimb gMiniblinSkelLimb_020 = { { 0, 1176, 0 }, 21, 255, (Gfx*)gMiniblinSkel_upperarm_l_mesh_layer_Opaque_Ref };
StandardLimb gMiniblinSkelLimb_021 = { { 0, 2583, 0 }, 22, 255, (Gfx*)gMiniblinSkel_arm_l_mesh_layer_Opaque_Ref };
StandardLimb gMiniblinSkelLimb_022 = { { 0, 2361, 0 }, 255, 255, (Gfx*)gMiniblinSkel_hand_l_mesh_layer_Opaque_Ref };
StandardLimb gMiniblinSkelLimb_023 = {
    { 107, 3758, 38 }, 24, 255, (Gfx*)gMiniblinSkel_shoulder_r_mesh_layer_Opaque_Ref
};
StandardLimb gMiniblinSkelLimb_024 = { { 0, 947, 0 }, 25, 255, (Gfx*)gMiniblinSkel_upperarm_r_mesh_layer_Opaque_Ref };
StandardLimb gMiniblinSkelLimb_025 = { { 0, 2157, 0 }, 26, 255, (Gfx*)gMiniblinSkel_arm_r_mesh_layer_Opaque_Ref };
StandardLimb gMiniblinSkelLimb_026 = { { 0, 3053, 0 }, 255, 255, (Gfx*)gMiniblinSkel_hand_r_mesh_layer_Opaque_Ref };

void* gMiniblinSkelLimbs[27] = {
    &gMiniblinSkelLimb_000, &gMiniblinSkelLimb_001, &gMiniblinSkelLimb_002, &gMiniblinSkelLimb_003,
    &gMiniblinSkelLimb_004, &gMiniblinSkelLimb_005, &gMiniblinSkelLimb_006, &gMiniblinSkelLimb_007,
    &gMiniblinSkelLimb_008, &gMiniblinSkelLimb_009, &gMiniblinSkelLimb_010, &gMiniblinSkelLimb_011,
    &gMiniblinSkelLimb_012, &gMiniblinSkelLimb_013, &gMiniblinSkelLimb_014, &gMiniblinSkelLimb_015,
    &gMiniblinSkelLimb_016, &gMiniblinSkelLimb_017, &gMiniblinSkelLimb_018, &gMiniblinSkelLimb_019,
    &gMiniblinSkelLimb_020, &gMiniblinSkelLimb_021, &gMiniblinSkelLimb_022, &gMiniblinSkelLimb_023,
    &gMiniblinSkelLimb_024, &gMiniblinSkelLimb_025, &gMiniblinSkelLimb_026,
};

FlexSkeletonHeader gMiniblinSkel = { { gMiniblinSkelLimbs, 27 }, 25 };

/* ---- gMiniblinBombThrowAnim.c ---- */
s16 gMiniblinSkelBombthrowAnimFrameData[2926] = {
    0x000b, 0xe83e, 0x40ea, 0xe445, 0xbf6c, 0xa547, 0x07c6, 0x260b, 0x5cec, 0xeb9b, 0x266b, 0x89af, 0x3d33, 0xf6ad,
    0xd02c, 0xff01, 0xfb3e, 0x2f0d, 0xfd83, 0x03cf, 0xafbf, 0x0148, 0x1397, 0x51d2, 0xf951, 0x120c, 0x0163, 0x0162,
    0x015d, 0x0154, 0x0145, 0x012f, 0x010f, 0x00d9, 0x0086, 0x0020, 0xffaf, 0xff3d, 0xfed5, 0xfe7e, 0xfe43, 0xfe2d,
    0xfe31, 0xfe3d, 0xfe50, 0xfe69, 0xfe87, 0xfeaa, 0xfed1, 0xfefb, 0xff28, 0xff56, 0xff85, 0xffb4, 0xffe2, 0x000f,
    0x003a, 0x0062, 0x0087, 0x00a8, 0x00c5, 0x00e0, 0x00f7, 0x010c, 0x011e, 0x012d, 0x013b, 0x0146, 0x014f, 0x0156,
    0x015b, 0x015f, 0x0162, 0x0163, 0x0164, 0x0164, 0xfffc, 0xfff6, 0xffee, 0xffe6, 0xffe1, 0xffdd, 0xffdc, 0xffdc,
    0xffdd, 0xffdd, 0xffde, 0xffde, 0xffdf, 0xffe0, 0xffe2, 0xffe3, 0xffe4, 0xffe6, 0xffe8, 0xffea, 0xffec, 0xffee,
    0xfff0, 0xfff3, 0xfff5, 0xfff7, 0xfff9, 0xfffa, 0xfffc, 0xfffd, 0xfffe, 0xffff, 0x0000, 0x0000, 0x0000, 0x0000,
    0x0000, 0x0000, 0x0000, 0x0000, 0x0000, 0x0000, 0x0000, 0x0000, 0x0000, 0x0000, 0x0000, 0x0000, 0x0000, 0x0000,
    0xfffc, 0xfff3, 0xffe6, 0xffd7, 0xffc9, 0xffbe, 0xffba, 0xffbb, 0xffbc, 0xffbd, 0xffbf, 0xffc1, 0xffc4, 0xffc7,
    0xffcb, 0xffcf, 0xffd2, 0xffd6, 0xffda, 0xffdf, 0xffe2, 0xffe6, 0xffea, 0xffee, 0xfff1, 0xfff4, 0xfff7, 0xfff9,
    0xfffb, 0xfffd, 0xfffe, 0xffff, 0x0000, 0x0000, 0x0000, 0x0000, 0x0000, 0x0000, 0x0000, 0x0000, 0x0000, 0x0000,
    0x0000, 0x0000, 0x0000, 0x0000, 0x0000, 0x0000, 0x0000, 0x0000, 0xff0a, 0xfc91, 0xf92c, 0xf576, 0xf211, 0xef98,
    0xeea3, 0xeeb6, 0xeeed, 0xef46, 0xefbc, 0xf04f, 0xf0f9, 0xf1b9, 0xf28b, 0xf36d, 0xf45b, 0xf552, 0xf650, 0xf751,
    0xf852, 0xf950, 0xfa47, 0xfb35, 0xfc17, 0xfce9, 0xfda9, 0xfe54, 0xfee6, 0xff5c, 0xffb5, 0xffec, 0xffff, 0xffff,
    0xffff, 0xffff, 0xffff, 0xffff, 0xffff, 0xffff, 0xffff, 0xffff, 0xffff, 0xffff, 0xffff, 0xffff, 0xffff, 0xffff,
    0xffff, 0xffff, 0xfdb9, 0xfdbf, 0xfdc7, 0xfdd2, 0xfddf, 0xfded, 0xfdfb, 0xfe08, 0xfe14, 0xfe1d, 0xfe23, 0xfe25,
    0xfe23, 0xfe1e, 0xfe15, 0xfe0a, 0xfdfc, 0xfded, 0xfddd, 0xfdcc, 0xfdbd, 0xfdae, 0xfda1, 0xfd96, 0xfd8e, 0xfd88,
    0xfd84, 0xfd83, 0xfd83, 0xfd84, 0xfd84, 0xfd84, 0xfd84, 0xfd85, 0xfd85, 0xfd86, 0xfd86, 0xfd87, 0xfd88, 0xfd89,
    0xfd8b, 0xfd8d, 0xfd92, 0xfd98, 0xfd9e, 0xfda5, 0xfdac, 0xfdb2, 0xfdb6, 0xfdb7, 0xffc3, 0xffc5, 0xffc9, 0xffcd,
    0xffd0, 0xffd3, 0xffd5, 0xffd6, 0xffd6, 0xffd5, 0xffd4, 0xffd4, 0xffd4, 0xffd5, 0xffd6, 0xffd6, 0xffd5, 0xffd4,
    0xffd0, 0xffcb, 0xffc5, 0xffbd, 0xffb4, 0xffac, 0xffa5, 0xff9e, 0xff9a, 0xff99, 0xff99, 0xff99, 0xff99, 0xff99,
    0xff9a, 0xff9a, 0xff9a, 0xff9b, 0xff9c, 0xff9d, 0xff9e, 0xff9f, 0xffa1, 0xffa4, 0xffa8, 0xffad, 0xffb2, 0xffb7,
    0xffbb, 0xffbf, 0xffc1, 0xffc2, 0x1155, 0x12b1, 0x14c2, 0x175d, 0x1a56, 0x1d7e, 0x20a7, 0x23a0, 0x263b, 0x284c,
    0x29a8, 0x2a25, 0x29b8, 0x2880, 0x2697, 0x2415, 0x2113, 0x1dac, 0x19ff, 0x162d, 0x1257, 0x0ea3, 0x0b30, 0x0821,
    0x0591, 0x039c, 0x025d, 0x01ec, 0x01ec, 0x01ee, 0x01f3, 0x01fe, 0x0210, 0x022a, 0x0250, 0x0281, 0x02c0, 0x0310,
    0x0370, 0x03e5, 0x046e, 0x0550, 0x06b3, 0x086e, 0x0a56, 0x0c41, 0x0e07, 0x0f7c, 0x107a, 0x10d7, 0xc043, 0xc0ee,
    0xc1df, 0xc2f4, 0xc40a, 0xc4fb, 0xc5a7, 0xc5e7, 0xc5ab, 0xc505, 0xc40d, 0xc2da, 0xc183, 0xc021, 0xbecb, 0xbd99,
    0xbca1, 0xbbfc, 0xbbc0, 0xbbda, 0xbc22, 0xbc8a, 0xbd07, 0xbd8e, 0xbe12, 0xbe84, 0xbed4, 0xbef3, 0xbef3, 0xbef3,
    0xbef3, 0xbef3, 0xbef3, 0xbef3, 0xbef3, 0xbef3, 0xbef3, 0xbef3, 0xbef3, 0xbef3, 0xbef3, 0xbef3, 0xbef3, 0xbef3,
    0xbef3, 0xbef3, 0xbef3, 0xbef3, 0xbef3, 0xbef3, 0x00ce, 0x010f, 0x016a, 0x01d3, 0x023c, 0x0297, 0x02d7, 0x02f0,
    0x02eb, 0x02dc, 0x02c6, 0x02ab, 0x028c, 0x026c, 0x024d, 0x0231, 0x021b, 0x020c, 0x0207, 0x0275, 0x039c, 0x0546,
    0x0740, 0x0955, 0x0b4e, 0x0cf7, 0x0e1b, 0x0e88, 0x0e88, 0x0e88, 0x0e88, 0x0e88, 0x0e88, 0x0e88, 0x0e88, 0x0e88,
    0x0e88, 0x0e88, 0x0e88, 0x0e88, 0x0e88, 0x0e88, 0x0e88, 0x0e88, 0x0e88, 0x0e88, 0x0e88, 0x0e88, 0x0e88, 0x0e88,
    0x00b4, 0x00b1, 0x00ae, 0x00ac, 0x00ae, 0x00b2, 0x00b6, 0x00b7, 0x00b5, 0x00b0, 0x00a9, 0x00a2, 0x009b, 0x0097,
    0x0095, 0x0096, 0x009a, 0x00a2, 0x00ad, 0x00bc, 0x00ce, 0x00e6, 0x0105, 0x012a, 0x0153, 0x017b, 0x019a, 0x01a6,
    0x01a6, 0x01a6, 0x01a6, 0x01a6, 0x01a6, 0x01a6, 0x01a6, 0x01a6, 0x01a6, 0x01a6, 0x01a6, 0x01a6, 0x01a6, 0x01a6,
    0x01a6, 0x01a6, 0x01a6, 0x01a6, 0x01a6, 0x01a6, 0x01a6, 0x01a6, 0x0926, 0x0995, 0x0a33, 0x0ae8, 0x0b9d, 0x0c3b,
    0x0caa, 0x0cd5, 0x0caa, 0x0c2f, 0x0b6c, 0x0a6b, 0x0935, 0x07d2, 0x064c, 0x04ac, 0x02fc, 0x0143, 0xff8b, 0xfdd7,
    0xfc33, 0xfabf, 0xf9b0, 0xf948, 0xf9c4, 0xfaf7, 0xfc81, 0xfe00, 0xff1c, 0xff8b, 0xff8b, 0xff8b, 0xff8b, 0xff8b,
    0xff8b, 0xff8b, 0xff8b, 0xff8b, 0xff8b, 0xff8b, 0xff8b, 0xff8b, 0xff8b, 0xff8b, 0xff8b, 0xff8b, 0xff8b, 0xff8b,
    0xff8b, 0xff8b, 0xffe6, 0xffe5, 0xffe2, 0xffde, 0xffda, 0xffd7, 0xffd7, 0xffdb, 0xffe2, 0xffe9, 0xfff0, 0xfff8,
    0x0003, 0x000e, 0x001c, 0x002b, 0x003b, 0x004d, 0x005f, 0x00b3, 0x0148, 0x01d4, 0x0232, 0x0254, 0x0244, 0x020c,
    0x01a4, 0x0119, 0x0098, 0x005f, 0x005f, 0x005f, 0x005f, 0x005f, 0x005f, 0x005f, 0x005f, 0x005f, 0x005f, 0x005f,
    0x005f, 0x005f, 0x005f, 0x005f, 0x005f, 0x005f, 0x005f, 0x005f, 0x005f, 0x005f, 0x00e9, 0x0112, 0x014d, 0x0190,
    0x01d3, 0x020f, 0x0239, 0x024a, 0x024c, 0x024b, 0x0246, 0x023b, 0x0229, 0x020d, 0x01e6, 0x01b2, 0x016f, 0x011c,
    0x00b5, 0xfedd, 0xfb14, 0xf6ac, 0xf306, 0xf182, 0xf2a3, 0xf578, 0xf926, 0xfccf, 0xff99, 0x00b5, 0x00b5, 0x00b5,
    0x00b5, 0x00b5, 0x00b5, 0x00b5, 0x00b5, 0x00b5, 0x00b5, 0x00b5, 0x00b5, 0x00b5, 0x00b5, 0x00b5, 0x00b5, 0x00b5,
    0x00b5, 0x00b5, 0x00b5, 0x00b5, 0x3ffe, 0x404a, 0x40b5, 0x4130, 0x41ab, 0x4217, 0x4263, 0x4280, 0x4276, 0x4259,
    0x422e, 0x41f9, 0x41bc, 0x417d, 0x413e, 0x4105, 0x40d5, 0x40b5, 0x40a9, 0x4122, 0x4265, 0x443a, 0x4665, 0x48ab,
    0x4ad2, 0x4ca1, 0x4de0, 0x4e56, 0x4e56, 0x4e56, 0x4e56, 0x4e56, 0x4e56, 0x4e56, 0x4e56, 0x4e56, 0x4e56, 0x4e56,
    0x4e56, 0x4e56, 0x4e56, 0x4e56, 0x4e56, 0x4e56, 0x4e56, 0x4e56, 0x4e56, 0x4e56, 0x4e56, 0x4e56, 0xffc3, 0xff0d,
    0xfe0b, 0xfce3, 0xfbbc, 0xfaba, 0xfa03, 0xf9be, 0xfa0e, 0xfae8, 0xfc30, 0xfdc5, 0xff89, 0x015e, 0x0322, 0x04b6,
    0x05fd, 0x06d7, 0x0727, 0x0711, 0x06d4, 0x0679, 0x0609, 0x0590, 0x0519, 0x04b3, 0x046b, 0x0450, 0x0450, 0x0450,
    0x0450, 0x0450, 0x0450, 0x0450, 0x0450, 0x0450, 0x0450, 0x0450, 0x0450, 0x0450, 0x0450, 0x0450, 0x0450, 0x0450,
    0x0450, 0x0450, 0x0450, 0x0450, 0x0450, 0x0450, 0xbf53, 0xbf5a, 0xbf62, 0xbf67, 0xbf6a, 0xbf68, 0xbf66, 0xbf65,
    0xbf62, 0xbf5a, 0xbf4e, 0xbf3c, 0xbf26, 0xbf0c, 0xbef1, 0xbed6, 0xbebe, 0xbead, 0xbea7, 0xbeb9, 0xbee8, 0xbf29,
    0xbf70, 0xbfb4, 0xbfee, 0xc01a, 0xc036, 0xc040, 0xc040, 0xc040, 0xc040, 0xc040, 0xc040, 0xc040, 0xc040, 0xc040,
    0xc040, 0xc040, 0xc040, 0xc040, 0xc040, 0xc040, 0xc040, 0xc040, 0xc040, 0xc040, 0xc040, 0xc040, 0xc040, 0xc040,
    0x01c6, 0x01e8, 0x0217, 0x024d, 0x0283, 0x02b2, 0x02d3, 0x02e0, 0x02df, 0x02dd, 0x02d7, 0x02cb, 0x02b9, 0x029d,
    0x0277, 0x0243, 0x0201, 0x01ad, 0x0146, 0xffae, 0xfc87, 0xf8eb, 0xf5f3, 0xf4b9, 0xf5a5, 0xf7f5, 0xfafb, 0xfe03,
    0x0058, 0x0146, 0x0146, 0x0146, 0x0146, 0x0146, 0x0146, 0x0146, 0x0146, 0x0146, 0x0146, 0x0146, 0x0146, 0x0146,
    0x0146, 0x0146, 0x0146, 0x0146, 0x0146, 0x0146, 0x0146, 0x0146, 0x000a, 0x0006, 0xffff, 0xfff7, 0xffee, 0xffe5,
    0xffdd, 0xffd7, 0xffd0, 0xffc3, 0xffb1, 0xff9d, 0xff89, 0xff74, 0xff62, 0xff52, 0xff47, 0xff40, 0xff3f, 0xff26,
    0xfed9, 0xfe6d, 0xfe0a, 0xfddf, 0xfe03, 0xfe57, 0xfeb5, 0xff01, 0xff30, 0xff3f, 0xff3f, 0xff3f, 0xff3f, 0xff3f,
    0xff3f, 0xff3f, 0xff3f, 0xff3f, 0xff3f, 0xff3f, 0xff3f, 0xff3f, 0xff3f, 0xff3f, 0xff3f, 0xff3f, 0xff3f, 0xff3f,
    0xff3f, 0xff3f, 0x09c2, 0x0a13, 0x0a85, 0x0b08, 0x0b8b, 0x0bfd, 0x0c4e, 0x0c6c, 0x0c4d, 0x0bf5, 0x0b6b, 0x0ab4,
    0x09d7, 0x08da, 0x07c4, 0x069a, 0x0564, 0x0428, 0x02ec, 0x01b8, 0x00a5, 0xffcc, 0xff44, 0xff16, 0xff5a, 0x000a,
    0x00f4, 0x01e4, 0x02a0, 0x02ec, 0x02ec, 0x02ec, 0x02ec, 0x02ec, 0x02ec, 0x02ec, 0x02ec, 0x02ec, 0x02ec, 0x02ec,
    0x02ec, 0x02ec, 0x02ec, 0x02ec, 0x02ec, 0x02ec, 0x02ec, 0x02ec, 0x02ec, 0x02ec, 0xefec, 0xf0a7, 0xf1ea, 0xf3c9,
    0xf653, 0xf980, 0xfd21, 0x00e2, 0x0482, 0x07d4, 0x0ab7, 0x0d16, 0x0ee5, 0x1022, 0x10cc, 0x10e1, 0x1033, 0x0e9c,
    0x0c27, 0x08e1, 0x04e7, 0x0076, 0xfbe0, 0xf789, 0xf3c0, 0xf0b7, 0xee87, 0xed00, 0xebe1, 0xeb1a, 0xea9b, 0xea56,
    0xea41, 0xea52, 0xea82, 0xeaca, 0xeb25, 0xeb8d, 0xebff, 0xec76, 0xecee, 0xed66, 0xedd9, 0xee46, 0xeea8, 0xeeff,
    0xef47, 0xef7e, 0xefa0, 0xefad, 0xe56b, 0xe412, 0xe21c, 0xdfcb, 0xdd64, 0xdb2a, 0xd951, 0xd7f5, 0xd708, 0xd671,
    0xd618, 0xd5e8, 0xd5cb, 0xd5b2, 0xd592, 0xd562, 0xd50a, 0xd485, 0xd3ea, 0xd358, 0xd2ee, 0xd2c5, 0xd2ee, 0xd369,
    0xd42a, 0xd517, 0xd617, 0xd71b, 0xd827, 0xd933, 0xda3d, 0xdb41, 0xdc3e, 0xdd33, 0xde1f, 0xdf01, 0xdfd9, 0xe0a7,
    0xe169, 0xe21f, 0xe2c8, 0xe364, 0xe3f2, 0xe471, 0xe4df, 0xe53c, 0xe587, 0xe5be, 0xe5df, 0xe5eb, 0xe703, 0xe573,
    0xe2f9, 0xdfa8, 0xdb93, 0xd6e0, 0xd1db, 0xcced, 0xc851, 0xc42d, 0xc09e, 0xbdb3, 0xbb72, 0xb9d9, 0xb8e5, 0xb893,
    0xb92b, 0xbae9, 0xbdb8, 0xc183, 0xc622, 0xcb52, 0xd0b2, 0xd5db, 0xda73, 0xde3e, 0xe11b, 0xe33d, 0xe4f1, 0xe646,
    0xe74e, 0xe816, 0xe8a8, 0xe90d, 0xe94e, 0xe970, 0xe97a, 0xe970, 0xe957, 0xe931, 0xe903, 0xe8cf, 0xe898, 0xe861,
    0xe82b, 0xe7fa, 0xe7d0, 0xe7af, 0xe799, 0xe791, 0xf9d0, 0xf9d2, 0xf9d7, 0xf9e0, 0xf9ef, 0xfa06, 0xfa26, 0xfa60,
    0xfac2, 0xfb49, 0xfbee, 0xfcac, 0xfd7e, 0xfe5e, 0xff49, 0x0042, 0x0149, 0x025b, 0x0372, 0x0489, 0x0597, 0x0697,
    0x0780, 0x084a, 0x08eb, 0x095a, 0x098e, 0x098a, 0x095c, 0x0907, 0x088e, 0x07f5, 0x0740, 0x0673, 0x0590, 0x049d,
    0x039d, 0x0295, 0x0188, 0x007c, 0xff72, 0xfe73, 0xfd81, 0xfca1, 0xfbd7, 0xfb28, 0xfa98, 0xfa2c, 0xf9e7, 0xf9d0,
    0x05da, 0x05da, 0x05d8, 0x05d5, 0x05d1, 0x05ca, 0x05c0, 0x05b6, 0x05a7, 0x058d, 0x055d, 0x0512, 0x04a5, 0x0414,
    0x0361, 0x028f, 0x01a3, 0x00a8, 0xffa5, 0xfea7, 0xfdb5, 0xfcd8, 0xfc18, 0xfb7d, 0xfb0c, 0xfacc, 0xfac3, 0xfae7,
    0xfb28, 0xfb84, 0xfbf5, 0xfc7a, 0xfd0e, 0xfdaf, 0xfe59, 0xff0a, 0xffbf, 0x0076, 0x012a, 0x01d9, 0x0282, 0x0321,
    0x03b5, 0x043b, 0x04b2, 0x0517, 0x0569, 0x05a7, 0x05cd, 0x05da, 0x4063, 0x4067, 0x4072, 0x4087, 0x40a9, 0x40dd,
    0x4124, 0x41e4, 0x435a, 0x4551, 0x4794, 0x49eb, 0x4c20, 0x4dfa, 0x4f45, 0x4fca, 0x4fc6, 0x4f9b, 0x4f4a, 0x4ed8,
    0x4e49, 0x4da3, 0x4cec, 0x4c29, 0x4b62, 0x4a9d, 0x49e1, 0x4931, 0x488a, 0x47ed, 0x4757, 0x46c9, 0x4641, 0x45be,
    0x4540, 0x44c5, 0x444d, 0x43d8, 0x4366, 0x42f8, 0x428e, 0x4229, 0x41cb, 0x4174, 0x4127, 0x40e4, 0x40ad, 0x4085,
    0x406b, 0x4063, 0x03c5, 0x03c5, 0x03c5, 0x03c5, 0x03c5, 0x03c5, 0x03c5, 0x03c6, 0x03c9, 0x03cd, 0x03d3, 0x03da,
    0x03e3, 0x03ec, 0x03f5, 0x03fd, 0x0404, 0x0409, 0x040b, 0x0409, 0x0405, 0x0400, 0x03fa, 0x03f5, 0x03f1, 0x03ee,
    0x03ee, 0x03ef, 0x03f1, 0x03f4, 0x03f6, 0x03f6, 0x03f6, 0x03f4, 0x03f2, 0x03ef, 0x03eb, 0x03e7, 0x03e3, 0x03de,
    0x03da, 0x03d6, 0x03d3, 0x03cf, 0x03cc, 0x03ca, 0x03c8, 0x03c6, 0x03c5, 0x03c5, 0xf98d, 0xf98d, 0xf98d, 0xf98d,
    0xf98d, 0xf98d, 0xf98d, 0xf995, 0xf9ae, 0xf9d2, 0xfa00, 0xfa33, 0xfa6a, 0xfaa1, 0xfad4, 0xfb01, 0xfb25, 0xfb3d,
    0xfb46, 0xfb39, 0xfb14, 0xfadc, 0xfa95, 0xfa43, 0xf9eb, 0xf990, 0xf937, 0xf8e5, 0xf89e, 0xf866, 0xf841, 0xf834,
    0xf837, 0xf840, 0xf84d, 0xf85f, 0xf875, 0xf88d, 0xf8a7, 0xf8c3, 0xf8e0, 0xf8fc, 0xf918, 0xf933, 0xf94b, 0xf961,
    0xf973, 0xf981, 0xf98a, 0xf98d, 0xa9ee, 0xa9ee, 0xa9ee, 0xa9ee, 0xa9ee, 0xa9ee, 0xa9ee, 0xaa02, 0xaa38, 0xaa8b,
    0xaaf3, 0xab69, 0xabe5, 0xac62, 0xacd8, 0xad3f, 0xad92, 0xadc9, 0xaddd, 0xadbe, 0xad6a, 0xace8, 0xac45, 0xab88,
    0xaabc, 0xa9eb, 0xa91f, 0xa861, 0xa7bd, 0xa73a, 0xa6e5, 0xa6c6, 0xa6cd, 0xa6e2, 0xa702, 0xa72c, 0xa75f, 0xa798,
    0xa7d6, 0xa818, 0xa85b, 0xa89e, 0xa8df, 0xa91d, 0xa956, 0xa988, 0xa9b2, 0xa9d2, 0xa9e7, 0xa9ee, 0x1467, 0x1487,
    0x14a2, 0x149f, 0x1467, 0x13e6, 0x1318, 0x120a, 0x10cc, 0x0f70, 0x0e0a, 0x0cb4, 0x0b88, 0x0a9f, 0x0a0b, 0x09d9,
    0x0a32, 0x0b1e, 0x0c68, 0x0ddb, 0x0f49, 0x1095, 0x11ae, 0x1290, 0x133c, 0x13b7, 0x1408, 0x143d, 0x145f, 0x1474,
    0x147f, 0x1484, 0x1484, 0x1481, 0x147c, 0x1476, 0x1470, 0x146a, 0x1465, 0x1460, 0x145c, 0x145a, 0x1458, 0x1457,
    0x1457, 0x1457, 0x1458, 0x1459, 0x1459, 0x1459, 0x15d2, 0x1755, 0x1996, 0x1c5a, 0x1f67, 0x227e, 0x2562, 0x27e5,
    0x2a05, 0x2bc8, 0x2d35, 0x2e52, 0x2f27, 0x2fba, 0x300f, 0x302b, 0x2ffb, 0x2f71, 0x2e96, 0x2d72, 0x2c10, 0x2a7c,
    0x28c6, 0x26fc, 0x2531, 0x2373, 0x21d3, 0x2057, 0x1ef8, 0x1db8, 0x1c93, 0x1b8b, 0x1a9c, 0x19c7, 0x1909, 0x1861,
    0x17ce, 0x174e, 0x16e0, 0x1683, 0x1635, 0x15f5, 0x15c1, 0x1598, 0x1579, 0x1563, 0x1554, 0x154b, 0x1546, 0x1545,
    0xe90f, 0xe816, 0xe699, 0xe4b1, 0xe273, 0xdff4, 0xdd51, 0xdaaf, 0xd81c, 0xd5a2, 0xd352, 0xd141, 0xcf87, 0xce39,
    0xcd6b, 0xcd26, 0xcda0, 0xceeb, 0xd0ca, 0xd2fd, 0xd550, 0xd79c, 0xd9c9, 0xdbc9, 0xdd95, 0xdf29, 0xe083, 0xe1ac,
    0xe2b2, 0xe39b, 0xe469, 0xe521, 0xe5c4, 0xe654, 0xe6d4, 0xe744, 0xe7a7, 0xe7fc, 0xe846, 0xe886, 0xe8bb, 0xe8e8,
    0xe90c, 0xe929, 0xe940, 0xe951, 0xe95d, 0xe964, 0xe968, 0xe969, 0x06e0, 0x06de, 0x06d8, 0x06cc, 0x06b8, 0x069b,
    0x0672, 0x0603, 0x052b, 0x040c, 0x02cb, 0x0187, 0x005f, 0xff6d, 0xfecb, 0xfe90, 0xfe90, 0xfe90, 0xfe90, 0xfe90,
    0xfe90, 0xfe90, 0xfe90, 0xfe90, 0xfe90, 0xfe90, 0xfe90, 0xfe9a, 0xfeb9, 0xfeea, 0xff2c, 0xff7d, 0xffdb, 0x0047,
    0x00bc, 0x0139, 0x01bd, 0x0246, 0x02d1, 0x035d, 0x03e7, 0x046d, 0x04ec, 0x0562, 0x05cd, 0x062a, 0x0676, 0x06b0,
    0x06d4, 0x06e1, 0x0524, 0x0525, 0x0528, 0x052e, 0x0538, 0x0547, 0x055d, 0x0598, 0x0611, 0x06bd, 0x0790, 0x0877,
    0x095c, 0x0a23, 0x0ab0, 0x0ae6, 0x0ae6, 0x0ae6, 0x0ae6, 0x0ae6, 0x0ae6, 0x0ae6, 0x0ae6, 0x0ae6, 0x0ae6, 0x0ae6,
    0x0ae6, 0x0adc, 0x0ac0, 0x0a95, 0x0a5b, 0x0a16, 0x09c6, 0x096f, 0x0912, 0x08b1, 0x084f, 0x07ec, 0x078b, 0x072e,
    0x06d5, 0x0682, 0x0636, 0x05f1, 0x05b5, 0x0583, 0x055b, 0x053d, 0x052a, 0x0524, 0x3ac2, 0x3ac5, 0x3acd, 0x3adc,
    0x3af6, 0x3b1d, 0x3b53, 0x3be6, 0x3d06, 0x3e86, 0x403a, 0x41f8, 0x4395, 0x44eb, 0x45d2, 0x4628, 0x4628, 0x4628,
    0x4628, 0x4628, 0x4628, 0x4628, 0x4628, 0x4628, 0x4628, 0x4628, 0x4628, 0x4619, 0x45ec, 0x45a6, 0x4547, 0x44d4,
    0x444d, 0x43b7, 0x4313, 0x4264, 0x41ad, 0x40f0, 0x4031, 0x3f73, 0x3eb8, 0x3e04, 0x3d59, 0x3cbb, 0x3c2d, 0x3bb2,
    0x3b4d, 0x3b02, 0x3ad2, 0x3ac1, 0xfd23, 0xfd23, 0xfd23, 0xfd23, 0xfd23, 0xfd23, 0xfd23, 0xfd22, 0xfd21, 0xfd1e,
    0xfd1b, 0xfd16, 0xfd10, 0xfd09, 0xfd02, 0xfcfa, 0xfcf4, 0xfcf0, 0xfcef, 0xfcf1, 0xfcf7, 0xfd00, 0xfd0a, 0xfd13,
    0xfd1b, 0xfd21, 0xfd24, 0xfd24, 0xfd23, 0xfd21, 0xfd20, 0xfd1f, 0xfd1f, 0xfd20, 0xfd20, 0xfd21, 0xfd22, 0xfd23,
    0xfd24, 0xfd25, 0xfd25, 0xfd26, 0xfd26, 0xfd25, 0xfd25, 0xfd24, 0xfd24, 0xfd23, 0xfd23, 0xfd23, 0x0853, 0x0853,
    0x0853, 0x0853, 0x0853, 0x0853, 0x0853, 0x0842, 0x0815, 0x07d0, 0x077b, 0x0719, 0x06b2, 0x064b, 0x05ea, 0x0595,
    0x0551, 0x0524, 0x0513, 0x052c, 0x0572, 0x05db, 0x0662, 0x06fd, 0x07a4, 0x0850, 0x08f7, 0x0992, 0x0a19, 0x0a83,
    0x0ac9, 0x0ae2, 0x0adc, 0x0acb, 0x0ab1, 0x0a8f, 0x0a66, 0x0a38, 0x0a06, 0x09d1, 0x099a, 0x0964, 0x092f, 0x08fc,
    0x08ce, 0x08a5, 0x0883, 0x0869, 0x0858, 0x0853, 0xaa7a, 0xaa7a, 0xaa7a, 0xaa7a, 0xaa7a, 0xaa7a, 0xaa7a, 0xaa88,
    0xaab0, 0xaaeb, 0xab36, 0xab8b, 0xabe4, 0xac3e, 0xac93, 0xacdd, 0xad18, 0xad40, 0xad4e, 0xad38, 0xacfc, 0xaca0,
    0xac2b, 0xaba4, 0xab12, 0xaa7d, 0xa9eb, 0xa963, 0xa8ec, 0xa88e, 0xa851, 0xa83a, 0xa840, 0xa84e, 0xa865, 0xa884,
    0xa8a8, 0xa8d1, 0xa8fd, 0xa92c, 0xa95b, 0xa98b, 0xa9ba, 0xa9e6, 0xaa0e, 0xaa32, 0xaa50, 0xaa66, 0xaa75, 0xaa7a,
    0xff39, 0xff38, 0xff35, 0xff32, 0xff2e, 0xff2a, 0xff28, 0xff27, 0xff28, 0xff29, 0xff2a, 0xff2a, 0xff29, 0xff28,
    0xff27, 0xff2a, 0xff30, 0xff3a, 0xff45, 0xff50, 0xff57, 0xff5b, 0xff5d, 0xff5f, 0xff60, 0xff60, 0xff61, 0xff61,
    0xff61, 0xff61, 0xff61, 0xff60, 0xff60, 0xff60, 0xff5f, 0xff5f, 0xff5e, 0xff5d, 0xff5c, 0xff5a, 0xff59, 0xff56,
    0xff52, 0xff4d, 0xff48, 0xff43, 0xff3f, 0xff3c, 0xff3a, 0xff39, 0xfc9e, 0xfca1, 0xfca7, 0xfcb1, 0xfcbe, 0xfccd,
    0xfcdc, 0xfceb, 0xfcf8, 0xfd03, 0xfd0a, 0xfd0d, 0xfd08, 0xfcfb, 0xfce8, 0xfcd0, 0xfcb7, 0xfc9e, 0xfc8a, 0xfc7b,
    0xfc73, 0xfc6f, 0xfc6c, 0xfc6b, 0xfc6a, 0xfc69, 0xfc69, 0xfc69, 0xfc69, 0xfc69, 0xfc69, 0xfc69, 0xfc69, 0xfc6a,
    0xfc6a, 0xfc6b, 0xfc6b, 0xfc6c, 0xfc6e, 0xfc6f, 0xfc71, 0xfc74, 0xfc78, 0xfc7e, 0xfc85, 0xfc8c, 0xfc93, 0xfc99,
    0xfc9d, 0xfc9e, 0xd1f9, 0xd28e, 0xd427, 0xd68e, 0xd98c, 0xdce5, 0xe05e, 0xe3b7, 0xe6b4, 0xe91b, 0xeab4, 0xeb49,
    0xea3f, 0xe764, 0xe314, 0xddb9, 0xd7ce, 0xd1e6, 0xcc9c, 0xc884, 0xc623, 0xc4f9, 0xc426, 0xc39b, 0xc347, 0xc31c,
    0xc30c, 0xc30a, 0xc30a, 0xc30c, 0xc312, 0xc31d, 0xc32f, 0xc349, 0xc36e, 0xc3a0, 0xc3e0, 0xc42f, 0xc490, 0xc503,
    0xc58c, 0xc66e, 0xc7d2, 0xc98c, 0xcb75, 0xcd61, 0xcf26, 0xd09d, 0xd19b, 0xd1f9, 0xea88, 0xeba2, 0xed8f, 0xf06c,
    0xf46b, 0xf9df, 0x017d, 0x087a, 0x0bd9, 0x0c72, 0x0c72, 0x0c72, 0x0c72, 0x0c72, 0x0c72, 0x0c72, 0x0e22, 0x12b2,
    0x1981, 0x21e8, 0x2ae4, 0x3301, 0x38ba, 0x3ade, 0x3ade, 0x3ade, 0x3ade, 0x3ade, 0x3ade, 0x3ade, 0x3ade, 0x3cd7,
    0x4203, 0x4926, 0x5089, 0x5635, 0x5871, 0x5871, 0x5871, 0x5871, 0x5871, 0x5871, 0x523a, 0x3fc6, 0x2687, 0x0fa7,
    0xfca2, 0xf3fa, 0xf3fa, 0xf3fa, 0xf8fa, 0xf87f, 0xf7be, 0xf6c1, 0xf5a0, 0xf4a2, 0xf806, 0x01f8, 0x0cc1, 0x1194,
    0x1194, 0x1194, 0x1194, 0x1194, 0x1194, 0x1194, 0x102b, 0x0c65, 0x0711, 0x015e, 0xfc9f, 0xf999, 0xf82b, 0xf7c7,
    0xf7c7, 0xf7c7, 0xf7c7, 0xf7c7, 0xf7c7, 0xf7c7, 0xf7c7, 0xf6ed, 0xf50c, 0xf344, 0xf25c, 0xf24a, 0xf269, 0xf269,
    0xf269, 0xf269, 0xf269, 0xf269, 0xf248, 0xf5cc, 0x051e, 0x19c4, 0x25f6, 0x293f, 0x293f, 0x293f, 0xf5f9, 0xf863,
    0xfb70, 0xfe55, 0x004f, 0x0096, 0xfb9d, 0xf309, 0xebb0, 0xe87b, 0xe87b, 0xe87b, 0xe87b, 0xe87b, 0xe87b, 0xe87b,
    0xe827, 0xe6f8, 0xe47a, 0xe074, 0xdb4f, 0xd62c, 0xd25e, 0xd0ec, 0xd0ec, 0xd0ec, 0xd0ec, 0xd0ec, 0xd0ec, 0xd0ec,
    0xd0ec, 0xcfa2, 0xcc28, 0xc72e, 0xc1e6, 0xbdd0, 0xbc35, 0xbc35, 0xbc35, 0xbc35, 0xbc35, 0xbc35, 0xc0af, 0xcdae,
    0xdc12, 0xdfde, 0xd9c3, 0xd507, 0xd507, 0xd507, 0x1cd7, 0x1a8c, 0x1728, 0x130d, 0x0ea4, 0x0a5c, 0x09dc, 0x132d,
    0x290c, 0x35c0, 0x35c0, 0x35c0, 0x35c0, 0x35c0, 0x35c0, 0x35c0, 0x3657, 0x3782, 0x387a, 0x3880, 0x3698, 0x331d,
    0x2f5f, 0x2d81, 0x2d81, 0x2d81, 0x2d81, 0x2d81, 0x2d81, 0x2d81, 0x2d81, 0x2d81, 0x2d81, 0x2d81, 0x2d81, 0x2d81,
    0x2d81, 0x2d81, 0x2d81, 0x2d81, 0x2d81, 0x2d81, 0x2d81, 0x2d81, 0x2d81, 0x2d81, 0x2d81, 0x2d81, 0x2d81, 0x2d81,
    0xfee8, 0xfeb9, 0xfe74, 0xfe17, 0xfd9c, 0xfcff, 0xf533, 0xe54d, 0xdb6c, 0xdae8, 0xdae8, 0xdae8, 0xdae8, 0xdae8,
    0xdae8, 0xdae8, 0xdd69, 0xe2f6, 0xe88b, 0xeb30, 0xe919, 0xe43a, 0xdf5b, 0xdd2e, 0xdd2e, 0xdd2e, 0xdd2e, 0xdd2e,
    0xdd2e, 0xdd2e, 0xdd2e, 0xdd2e, 0xdd2e, 0xdd2e, 0xdd2e, 0xdd2e, 0xdd2e, 0xdd2e, 0xdd2e, 0xdd2e, 0xdd2e, 0xdd2e,
    0xdd2e, 0xdd2e, 0xdd2e, 0xdd2e, 0xdd2e, 0xdd2e, 0xdd2e, 0xdd2e, 0xeec1, 0xee36, 0xed36, 0xebad, 0xe986, 0xe6b2,
    0xe016, 0xd13a, 0xb811, 0xaa44, 0xaa44, 0xaa44, 0xaa44, 0xaa44, 0xaa44, 0xaa44, 0xaa7e, 0xab30, 0xac26, 0xacee,
    0xad5a, 0xadf7, 0xaf0e, 0xafc7, 0xafc7, 0xafc7, 0xafc7, 0xafc7, 0xafc7, 0xafc7, 0xafc7, 0xafc7, 0xafc7, 0xafc7,
    0xafc7, 0xafc7, 0xafc7, 0xafc7, 0xafc7, 0xafc7, 0xafc7, 0xafc7, 0xafc7, 0xafc7, 0xafc7, 0xafc7, 0xafc7, 0xafc7,
    0xafc7, 0xafc7, 0x01fc, 0x01fc, 0x01fc, 0x01fc, 0x01fc, 0x01fc, 0x01fc, 0x01fc, 0x01fc, 0x01fc, 0x01fc, 0x01fc,
    0x01fc, 0x01fc, 0x01fc, 0x01fc, 0x01fc, 0x01fc, 0x01fc, 0x0454, 0x0a8a, 0x1355, 0x1d2a, 0x263e, 0x2ccd, 0x2f4e,
    0x2f4e, 0x2f4e, 0x2f4e, 0x2f4e, 0x2f4e, 0x2f4e, 0x2ef1, 0x2de7, 0x2c43, 0x2a19, 0x277e, 0x2486, 0x2148, 0x1ddd,
    0x1a5d, 0x16e1, 0x1381, 0x1054, 0x0d71, 0x0aeb, 0x08d6, 0x0742, 0x0643, 0x05ea, 0x0004, 0x0004, 0x0004, 0x0004,
    0x0004, 0x0004, 0x0004, 0x0004, 0x0004, 0x0004, 0x0004, 0x0004, 0x0004, 0x0004, 0x0004, 0x0004, 0x0004, 0x0004,
    0x0004, 0xff52, 0xfd72, 0xfac7, 0xf7ef, 0xf598, 0xf423, 0xf3a3, 0xf3a3, 0xf3a3, 0xf3a3, 0xf3a3, 0xf3a3, 0xf3a3,
    0xf3b5, 0xf3ea, 0xf43f, 0xf4b5, 0xf54c, 0xf602, 0xf6d5, 0xf7be, 0xf8b8, 0xf9ba, 0xfaba, 0xfbaf, 0xfc90, 0xfd54,
    0xfdf7, 0xfe71, 0xfebe, 0xfed9, 0xff9b, 0xff9b, 0xff9b, 0xff9b, 0xff9b, 0xff9b, 0xff9b, 0xff9b, 0xff9b, 0xff9b,
    0xff9b, 0xff9b, 0xff9b, 0xff9b, 0xff9b, 0xff9b, 0xff9b, 0xff9b, 0xff9b, 0xffc8, 0x000f, 0xfff3, 0xff28, 0xfdd8,
    0xfc97, 0xfc0d, 0xfc0d, 0xfc0d, 0xfc0d, 0xfc0d, 0xfc0d, 0xfc0d, 0xfc21, 0xfc5b, 0xfcb3, 0xfd22, 0xfd9f, 0xfe22,
    0xfea0, 0xff13, 0xff74, 0xffbe, 0xfff1, 0x000e, 0x0017, 0x0011, 0x0003, 0xfff2, 0xffe6, 0xffe1, 0x0f07, 0x0ec9,
    0x0df0, 0x0c14, 0x08b1, 0x031d, 0xf915, 0xeebd, 0xea1d, 0xe992, 0xe992, 0xe992, 0xe992, 0xe992, 0xe992, 0xe992,
    0xe7f4, 0xe39b, 0xdd2f, 0xd552, 0xcced, 0xc54f, 0xbfe5, 0xbddc, 0xbddc, 0xbddc, 0xbddc, 0xbddc, 0xbddc, 0xbddc,
    0xbddc, 0xbbdd, 0xb6ae, 0xafa5, 0xa880, 0xa318, 0xa0fc, 0xa0fc, 0xa0fc, 0xa0fc, 0xa0fc, 0xa0fc, 0xa6e2, 0xb8ea,
    0xd2ca, 0xe9bf, 0xfb20, 0x029f, 0x029f, 0x029f, 0x085d, 0x093e, 0x0a7c, 0x0bf7, 0x0d91, 0x0f0d, 0x0bb3, 0xff47,
    0xf0f4, 0xeaad, 0xeaad, 0xeaad, 0xeaad, 0xeaad, 0xeaad, 0xeaad, 0xec26, 0xf01e, 0xf5c2, 0xfbe4, 0x012b, 0x04b9,
    0x068e, 0x0719, 0x0719, 0x0719, 0x0719, 0x0719, 0x0719, 0x0719, 0x0719, 0x07bf, 0x091a, 0x0a30, 0x0a6e, 0x0a0b,
    0x09c2, 0x09c2, 0x09c2, 0x09c2, 0x09c2, 0x09c2, 0x0a5e, 0x0893, 0xfbc0, 0xe877, 0xdc52, 0xd8c7, 0xd8c7, 0xd8c7,
    0xf93e, 0xfb11, 0xfd5b, 0xff7c, 0x00cc, 0x0092, 0xf8e4, 0xebca, 0xe121, 0xdc8b, 0xdc8b, 0xdc8b, 0xdc8b, 0xdc8b,
    0xdc8b, 0xdc8b, 0xdc3d, 0xdb1d, 0xd8b8, 0xd4d5, 0xcfd8, 0xcad1, 0xc70d, 0xc59b, 0xc59b, 0xc59b, 0xc59b, 0xc59b,
    0xc59b, 0xc59b, 0xc59b, 0xc447, 0xc0c1, 0xbbdb, 0xb6d1, 0xb303, 0xb189, 0xb189, 0xb189, 0xb189, 0xb189, 0xb189,
    0xb5ad, 0xc249, 0xd1d3, 0xd7d7, 0xd476, 0xd130, 0xd130, 0xd130, 0xf41a, 0xf5a0, 0xf827, 0xfb76, 0xfede, 0x0133,
    0xff30, 0xd5ee, 0x2080, 0x1cdd, 0x1cdd, 0x1cdd, 0x1cdd, 0x1cdd, 0x1cdd, 0x1cdd, 0x214c, 0x2a18, 0x31af, 0x3548,
    0x35a7, 0x34c4, 0x32d7, 0x3192, 0x3192, 0x3192, 0x3192, 0x3192, 0x3192, 0x3192, 0x3192, 0x3192, 0x3192, 0x3192,
    0x3192, 0x3192, 0x3192, 0x3192, 0x3192, 0x3192, 0x3192, 0x3192, 0x3192, 0x3192, 0x3192, 0x3192, 0x3192, 0x3192,
    0x3192, 0x3192, 0x0a68, 0x0ca6, 0x0fd0, 0x136c, 0x1752, 0x1bce, 0x276d, 0x37f6, 0x5544, 0x5dad, 0x5dad, 0x5dad,
    0x5dad, 0x5dad, 0x5dad, 0x5dad, 0x5edd, 0x623d, 0x665d, 0x6851, 0x65e5, 0x60dc, 0x5c0c, 0x59f8, 0x59f8, 0x59f8,
    0x59f8, 0x59f8, 0x59f8, 0x59f8, 0x59f8, 0x59f8, 0x59f8, 0x59f8, 0x59f8, 0x59f8, 0x59f8, 0x59f8, 0x59f8, 0x59f8,
    0x59f8, 0x59f8, 0x59f8, 0x59f8, 0x59f8, 0x59f8, 0x59f8, 0x59f8, 0x59f8, 0x59f8, 0xd1ba, 0xd6fa, 0xde37, 0xe5ed,
    0xec3d, 0xef08, 0xea7b, 0xbceb, 0x0359, 0xfdd4, 0xfdd4, 0xfdd4, 0xfdd4, 0xfdd4, 0xfdd4, 0xfdd4, 0x0144, 0x07c2,
    0x0cdb, 0x0f02, 0x0df2, 0x0aa3, 0x068c, 0x045d, 0x045d, 0x045d, 0x045d, 0x045d, 0x045d, 0x045d, 0x045d, 0x045d,
    0x045d, 0x045d, 0x045d, 0x045d, 0x045d, 0x045d, 0x045d, 0x045d, 0x045d, 0x045d, 0x045d, 0x045d, 0x045d, 0x045d,
    0x045d, 0x045d, 0x045d, 0x045d, 0xfe3d, 0xfe3d, 0xfe3d, 0xfe3d, 0xfe3d, 0xfe3d, 0xfe3d, 0xfe3d, 0xfe3d, 0xfe3d,
    0xfe3d, 0xfe3d, 0xfe3d, 0xfe3d, 0xfe3d, 0xfe3d, 0xfe3d, 0xfe3d, 0xfe3d, 0xfbeb, 0xf5bd, 0xece0, 0xe2de, 0xd9a4,
    0xd30c, 0xd08e, 0xd08e, 0xd08e, 0xd08e, 0xd08e, 0xd08e, 0xd08e, 0xd0eb, 0xd1f4, 0xd396, 0xd5c1, 0xd861, 0xdb61,
    0xdeac, 0xe227, 0xe5b9, 0xe945, 0xecb3, 0xefea, 0xf2d3, 0xf55c, 0xf771, 0xf903, 0xfa01, 0xfa5a, 0xfd2f, 0xfd2f,
    0xfd2f, 0xfd2f, 0xfd2f, 0xfd2f, 0xfd2f, 0xfd2f, 0xfd2f, 0xfd2f, 0xfd2f, 0xfd2f, 0xfd2f, 0xfd2f, 0xfd2f, 0xfd2f,
    0xfd2f, 0xfd2f, 0xfd2f, 0xfe05, 0x0020, 0x02b8, 0x04ed, 0x0634, 0x06a7, 0x06b9, 0x06b9, 0x06b9, 0x06b9, 0x06b9,
    0x06b9, 0x06b9, 0x06b7, 0x06b1, 0x06a2, 0x0684, 0x0652, 0x0605, 0x0599, 0x050d, 0x0461, 0x039b, 0x02c3, 0x01e4,
    0x0109, 0x003f, 0xff90, 0xff09, 0xfeb1, 0xfe93, 0x0a03, 0x0a03, 0x0a03, 0x0a03, 0x0a03, 0x0a03, 0x0a03, 0x0a03,
    0x0a03, 0x0a03, 0x0a03, 0x0a03, 0x0a03, 0x0a03, 0x0a03, 0x0a03, 0x0a03, 0x0a03, 0x0a03, 0x099f, 0x085c, 0x0611,
    0x02ee, 0xffae, 0xfd3e, 0xfc4f, 0xfc4f, 0xfc4f, 0xfc4f, 0xfc4f, 0xfc4f, 0xfc4f, 0xfc72, 0xfcd5, 0xfd72, 0xfe40,
    0xff38, 0x0051, 0x017c, 0x02b0, 0x03df, 0x04ff, 0x0604, 0x06e9, 0x07aa, 0x0846, 0x08bd, 0x0911, 0x0943, 0x0954,
};

JointIndex gMiniblinSkelBombthrowAnimJointIndices[28] = {
    {
        0x0000,
        0x001a,
        0x0001,
    },
    {
        0x0002,
        0x0003,
        0x0004,
    },
    {
        0x004c,
        0x007e,
        0x00b0,
    },
    {
        0x00e2,
        0x0114,
        0x0146,
    },
    {
        0x0178,
        0x01aa,
        0x01dc,
    },
    {
        0x020e,
        0x0240,
        0x0272,
    },
    {
        0x02a4,
        0x02d6,
        0x0308,
    },
    {
        0x033a,
        0x036c,
        0x039e,
    },
    {
        0x0005,
        0x0006,
        0x0007,
    },
    {
        0x03d0,
        0x0402,
        0x0434,
    },
    {
        0x0466,
        0x0498,
        0x04ca,
    },
    {
        0x04fc,
        0x052e,
        0x0560,
    },
    {
        0x0008,
        0x0009,
        0x000a,
    },
    {
        0x0592,
        0x05c4,
        0x05f6,
    },
    {
        0x0628,
        0x065a,
        0x068c,
    },
    {
        0x06be,
        0x06f0,
        0x0722,
    },
    {
        0x000b,
        0x000c,
        0x000d,
    },
    {
        0x000e,
        0x000f,
        0x0010,
    },
    {
        0x0011,
        0x0012,
        0x0013,
    },
    {
        0x0754,
        0x0786,
        0x07b8,
    },
    {
        0x0014,
        0x0015,
        0x0016,
    },
    {
        0x07ea,
        0x081c,
        0x084e,
    },
    {
        0x0880,
        0x08b2,
        0x08e4,
    },
    {
        0x0916,
        0x0948,
        0x097a,
    },
    {
        0x0017,
        0x0018,
        0x0019,
    },
    {
        0x09ac,
        0x09de,
        0x0a10,
    },
    {
        0x0a42,
        0x0a74,
        0x0aa6,
    },
    {
        0x0ad8,
        0x0b0a,
        0x0b3c,
    },
};

AnimationHeader gMiniblinSkelBombthrowAnim = {
    { 50 }, gMiniblinSkelBombthrowAnimFrameData, gMiniblinSkelBombthrowAnimJointIndices, 26
};

/* ---- gMiniblinDamageAnim.c ---- */
s16 gMiniblinSkelDamageAnimFrameData[1533] = {
    0x0164, 0x40ea, 0xe445, 0xbf6c, 0x0000, 0xffff, 0x03c5, 0xf98d, 0xa9ee, 0x89ae, 0x3d33, 0xf6ad, 0xafbf, 0x0148,
    0x1397, 0x51d2, 0xf951, 0x120c, 0xfe3d, 0xfd2f, 0x0a03, 0x000e, 0x0016, 0x001d, 0x0021, 0x0021, 0x0021, 0x0021,
    0x0021, 0x0021, 0x0021, 0x0020, 0x0020, 0x001e, 0x001c, 0x001a, 0x0018, 0x0016, 0x0013, 0x0011, 0x000f, 0x000d,
    0x000c, 0x000b, 0x000b, 0xe779, 0xe5c7, 0xe415, 0xe34f, 0xe34f, 0xe34f, 0xe34f, 0xe34f, 0xe34f, 0xe34f, 0xe362,
    0xe395, 0xe3e5, 0xe44a, 0xe4c0, 0xe540, 0xe5c7, 0xe64d, 0xe6ce, 0xe744, 0xe7a9, 0xe7f8, 0xe82c, 0xe83e, 0x01b0,
    0x0568, 0x0921, 0x0ad1, 0x0ad1, 0x0ad1, 0x0ad1, 0x0ad1, 0x0ad1, 0x0ad1, 0x0aa8, 0x0a38, 0x098a, 0x08ad, 0x07aa,
    0x068f, 0x0568, 0x0441, 0x0326, 0x0224, 0x0146, 0x0099, 0x0028, 0xffff, 0xfb79, 0xf6ef, 0xf391, 0xf28e, 0xf28e,
    0xf28e, 0xf28e, 0xf28e, 0xf28e, 0xf28e, 0xec59, 0xe645, 0xe9e6, 0xefba, 0xf25b, 0xf2b4, 0xf44f, 0xf64b, 0xf7fa,
    0xf9d7, 0xfb73, 0xfca8, 0xfd6f, 0xfdb7, 0x008d, 0x0385, 0x07ca, 0x09f4, 0x09f4, 0x09f4, 0x09f4, 0x09f4, 0x09f4,
    0x09f4, 0x006f, 0xf5f8, 0xfa82, 0x0583, 0x0b80, 0x0402, 0xf65e, 0xeef5, 0xefdf, 0xf2ec, 0xf713, 0xfb44, 0xfe7a,
    0xffc2, 0x16d6, 0x2459, 0x31a0, 0x3768, 0x3768, 0x3768, 0x3768, 0x3768, 0x3768, 0x3768, 0x35ff, 0x33d4, 0x2e65,
    0x29b6, 0x26af, 0x2444, 0x2195, 0x1d86, 0x193f, 0x15d0, 0x135f, 0x11d9, 0x1111, 0x10d7, 0xc020, 0xc266, 0xc4ac,
    0xc5b5, 0xc19d, 0xb9ba, 0xb3a3, 0xb02c, 0xaf11, 0xaf16, 0xaf2a, 0xaf56, 0xafa1, 0xb014, 0xb520, 0xc01e, 0xcb81,
    0xd0b4, 0xcb6a, 0xbfd4, 0xb4c6, 0xb014, 0xb1ad, 0xb55e, 0x0c02, 0x0bf2, 0x0be1, 0x0be1, 0x0c64, 0x0cdb, 0x0cd8,
    0x0cbe, 0x0c7d, 0x0c02, 0x0b65, 0x0aca, 0x0a54, 0x0a28, 0x0bd5, 0x0f17, 0x117b, 0x1235, 0x1183, 0x0f25, 0x0bdd,
    0x0a28, 0x0a5c, 0x0ae3, 0x0334, 0x039b, 0x0402, 0x0431, 0x0379, 0x0202, 0x00e9, 0x0052, 0x0023, 0x0020, 0x001e,
    0x001f, 0x0024, 0x0030, 0x0134, 0x0427, 0x0800, 0x09f1, 0x07fd, 0x041c, 0x0128, 0x0030, 0x0073, 0x0119, 0xffb3,
    0x00d1, 0x01ee, 0x0270, 0x00d1, 0xfde3, 0xfbf2, 0xfadb, 0xf9e3, 0xf87d, 0xf6ce, 0xf52c, 0xf3f0, 0xf373, 0xf729,
    0xff51, 0x075a, 0x0aee, 0xff51, 0xf373, 0xf41b, 0xf5ca, 0xf818, 0xfa99, 0xfe79, 0xfe5b, 0xfe3d, 0xfe2f, 0xfe5c,
    0xfeb5, 0xfeef, 0xff14, 0xff4c, 0xffb0, 0x002d, 0x009f, 0x00ef, 0x010d, 0x0002, 0xfd46, 0xfa15, 0xf88a, 0xfd46,
    0x010d, 0x00f0, 0x00a0, 0x002a, 0xff9f, 0xfd16, 0xfd07, 0xfcf8, 0xfcf0, 0xfd34, 0xfd81, 0xfd8d, 0xfd87, 0xfd6a,
    0xfcf9, 0xfc24, 0xfb30, 0xfa66, 0xfa13, 0xfb68, 0xfe01, 0x0007, 0x00ba, 0xfe01, 0xfa13, 0xfa42, 0xfabb, 0xfb5b,
    0xfc01, 0x4e3a, 0x4e63, 0x4e86, 0x4e94, 0x4eb2, 0x4eb7, 0x4ea0, 0x4e75, 0x4dfe, 0x4cf5, 0x4b86, 0x4a0d, 0x48e7,
    0x4870, 0x4b35, 0x5011, 0x53e6, 0x5575, 0x53e6, 0x5012, 0x4b36, 0x4870, 0x4932, 0x4ad2, 0x04c3, 0x01ed, 0xff16,
    0xfdcd, 0x035c, 0x0d56, 0x139f, 0x1630, 0x16d0, 0x1705, 0x172b, 0x1741, 0x1749, 0x1748, 0x1222, 0x061b, 0xf9ca,
    0xf450, 0xf9ca, 0x061b, 0x1223, 0x1748, 0x1589, 0x114d, 0xc025, 0xc07d, 0xc0d3, 0xc0f9, 0xc04b, 0xbf0f, 0xbe35,
    0xbdc3, 0xbd70, 0xbcf5, 0xbc59, 0xbbbe, 0xbb48, 0xbb19, 0xbd57, 0xc0cf, 0xc2d6, 0xc362, 0xc2d6, 0xc0cf, 0xbd57,
    0xbb19, 0xbbc8, 0xbd38, 0x038a, 0x03ad, 0x03d6, 0x03eb, 0x03d2, 0x03c5, 0x03d5, 0x03b6, 0x031d, 0x01e5, 0x005a,
    0xfee2, 0xfdcf, 0xfd64, 0xfe85, 0x01f1, 0x0695, 0x090e, 0x01f1, 0xfd64, 0xfd98, 0xfe32, 0xff31, 0x0080, 0x0015,
    0x00ba, 0x015f, 0x01a9, 0x00cc, 0xff30, 0xfe04, 0xfd16, 0xfbd8, 0xf9da, 0xf75d, 0xf4df, 0xf2f3, 0xf22f, 0xf595,
    0xfcdc, 0x0367, 0x05fe, 0xfcdc, 0xf22f, 0xf2fb, 0xf507, 0xf7ca, 0xfab8, 0x03dd, 0x0527, 0x0673, 0x070a, 0x0565,
    0x024f, 0xfff4, 0xfe3e, 0xfc83, 0xfa50, 0xf7ee, 0xf5ca, 0xf443, 0xf3ad, 0xf6cb, 0xfdff, 0x05c9, 0x0984, 0xfdff,
    0xf3ad, 0xf484, 0xf6af, 0xf9ae, 0xfcfe, 0xa561, 0xa599, 0xa5d2, 0xa5ec, 0xa5ec, 0xa5ec, 0xa5ec, 0xa5ec, 0xa5ec,
    0xa5ec, 0xa5ea, 0xa5e3, 0xa5d8, 0xa5cb, 0xa5bc, 0xa5ab, 0xa599, 0xa588, 0xa577, 0xa568, 0xa55a, 0xa550, 0xa54a,
    0xa547, 0x0814, 0x08c1, 0x096d, 0x09bb, 0x09bb, 0x09bb, 0x09bb, 0x09bb, 0x09bb, 0x09bb, 0x09b4, 0x09a0, 0x0980,
    0x0958, 0x0929, 0x08f6, 0x08c1, 0x088b, 0x0858, 0x0829, 0x0801, 0x07e2, 0x07cd, 0x07c6, 0x2610, 0x261c, 0x2628,
    0x262e, 0x262e, 0x262e, 0x262e, 0x262e, 0x262e, 0x262e, 0x262e, 0x262c, 0x262a, 0x2627, 0x2623, 0x261f, 0x261c,
    0x2618, 0x2614, 0x2611, 0x260f, 0x260d, 0x260c, 0x260b, 0xee94, 0xec49, 0xea2c, 0xe945, 0xe945, 0xe945, 0xe945,
    0xe945, 0xe945, 0xe945, 0xe95a, 0xe996, 0xe9f2, 0xea6b, 0xeafb, 0xeb9c, 0xec49, 0xecfa, 0xeda8, 0xee4a, 0xeed8,
    0xef48, 0xef92, 0xefad, 0xe66f, 0xe7b0, 0xe917, 0xe9c5, 0xe9c5, 0xe9c5, 0xe9c5, 0xe9c5, 0xe9c5, 0xe9c5, 0xe9b5,
    0xe987, 0xe941, 0xe8e9, 0xe886, 0xe81c, 0xe7b0, 0xe749, 0xe6e9, 0xe694, 0xe64e, 0xe619, 0xe5f7, 0xe5eb, 0xe923,
    0xec7c, 0xefac, 0xf111, 0xf111, 0xf111, 0xf111, 0xf111, 0xf111, 0xf111, 0xf0f0, 0xf093, 0xf004, 0xef4a, 0xee70,
    0xed7d, 0xec7c, 0xeb77, 0xea79, 0xe98e, 0xe8c1, 0xe820, 0xe7b7, 0xe791, 0xfa3e, 0xfb31, 0xfc27, 0xfc97, 0xfc97,
    0xfc97, 0xfc97, 0xfc97, 0xfc97, 0xfc97, 0xfc8c, 0xfc6f, 0xfc42, 0xfc09, 0xfbc6, 0xfb7d, 0xfb31, 0xfae6, 0xfa9e,
    0xfa5c, 0xfa23, 0xf9f7, 0xf9da, 0xf9d0, 0x0582, 0x04c1, 0x0403, 0x03ae, 0x03ae, 0x03ae, 0x03ae, 0x03ae, 0x03ae,
    0x03ae, 0x03b6, 0x03cc, 0x03ee, 0x041a, 0x044e, 0x0486, 0x04c1, 0x04fc, 0x0535, 0x056a, 0x0597, 0x05bb, 0x05d2,
    0x05da, 0x402d, 0x3fb4, 0x3f36, 0x3efc, 0x3efc, 0x3efc, 0x3efc, 0x3efc, 0x3efc, 0x3efc, 0x3f01, 0x3f10, 0x3f28,
    0x3f46, 0x3f68, 0x3f8d, 0x3fb4, 0x3fda, 0x3ffe, 0x401e, 0x403a, 0x4050, 0x405e, 0x4063, 0x5830, 0x4e1c, 0x452c,
    0x4199, 0x4199, 0x4199, 0x4199, 0x4199, 0x4199, 0x4199, 0x41eb, 0x42d4, 0x4445, 0x4630, 0x4885, 0x4b32, 0x4e1c,
    0x5123, 0x5421, 0x56eb, 0x5957, 0x5b3e, 0x5c7b, 0x5cec, 0xec1c, 0xeebb, 0xf321, 0xf58c, 0xf58c, 0xf58c, 0xf58c,
    0xf58c, 0xf58c, 0xf58c, 0xf551, 0xf4ab, 0xf3b3, 0xf284, 0xf139, 0xefee, 0xeebb, 0xedb5, 0xece6, 0xec52, 0xebf2,
    0xebbc, 0xeba3, 0xeb9b, 0x2aa2, 0x3382, 0x3b2d, 0x3e27, 0x3e27, 0x3e27, 0x3e27, 0x3e27, 0x3e27, 0x3e27, 0x3de3,
    0x3d22, 0x3bef, 0x3a52, 0x3856, 0x360a, 0x3382, 0x30dc, 0x2e39, 0x2bc1, 0x299b, 0x27ea, 0x26d0, 0x266b, 0x14b0,
    0x1561, 0x1604, 0x1648, 0x1648, 0x1648, 0x1648, 0x1648, 0x1648, 0x1648, 0x1642, 0x1630, 0x1615, 0x15f1, 0x15c6,
    0x1595, 0x1561, 0x152c, 0x14f7, 0x14c6, 0x149b, 0x1478, 0x1462, 0x1459, 0x14b6, 0x1376, 0x1230, 0x119b, 0x119b,
    0x119b, 0x119b, 0x119b, 0x119b, 0x119b, 0x11a9, 0x11d0, 0x120c, 0x1258, 0x12b1, 0x1312, 0x1376, 0x13d9, 0x1438,
    0x148f, 0x14d9, 0x1512, 0x1538, 0x1545, 0xea17, 0xeb8e, 0xecf8, 0xed99, 0xed99, 0xed99, 0xed99, 0xed99, 0xed99,
    0xed99, 0xed8a, 0xed60, 0xed1f, 0xeccc, 0xec6b, 0xebff, 0xeb8e, 0xeb1b, 0xeaac, 0xea46, 0xe9ed, 0xe9a7, 0xe97a,
    0xe969, 0x0534, 0x0152, 0xfd3c, 0xfb57, 0xfb57, 0xfb57, 0xfb57, 0xfb57, 0xfb57, 0xfb57, 0xfb84, 0xfc03, 0xfcc6,
    0xfdbe, 0xfedc, 0x0013, 0x0152, 0x028d, 0x03b4, 0x04be, 0x059e, 0x064a, 0x06b9, 0x06e1, 0x060b, 0x07bb, 0x08f5,
    0x0959, 0x0959, 0x0959, 0x0959, 0x0959, 0x0959, 0x0959, 0x0951, 0x0939, 0x0910, 0x08d5, 0x0888, 0x082a, 0x07bb,
    0x0742, 0x06c2, 0x0646, 0x05d4, 0x0578, 0x053a, 0x0524, 0x38af, 0x33f4, 0x2f0c, 0x2cc9, 0x2cc9, 0x2cc9, 0x2cc9,
    0x2cc9, 0x2cc9, 0x2cc9, 0x2cff, 0x2d96, 0x2e7f, 0x2fa7, 0x30fe, 0x3273, 0x33f4, 0x3571, 0x36da, 0x381f, 0x3932,
    0x3a07, 0x3a90, 0x3ac1, 0xfd04, 0xfce1, 0xfcf0, 0xfd07, 0xfd07, 0xfd07, 0xfd07, 0xfd07, 0xfd07, 0xfd07, 0xfd05,
    0xfcfe, 0xfcf5, 0xfcec, 0xfce5, 0xfce1, 0xfce1, 0xfce7, 0xfcf1, 0xfcfd, 0xfd0a, 0xfd17, 0xfd1f, 0xfd23, 0x0900,
    0x0a83, 0x0c07, 0x0cb5, 0x0cb5, 0x0cb5, 0x0cb5, 0x0cb5, 0x0cb5, 0x0cb5, 0x0ca5, 0x0c78, 0x0c32, 0x0bd8, 0x0b6e,
    0x0afb, 0x0a83, 0x0a0a, 0x0997, 0x092f, 0x08d5, 0x0890, 0x0863, 0x0853, 0xacb5, 0xb1aa, 0xb6ab, 0xb8f4, 0xb8f4,
    0xb8f4, 0xb8f4, 0xb8f4, 0xb8f4, 0xb8f4, 0xb8bd, 0xb825, 0xb73a, 0xb60e, 0xb4b2, 0xb336, 0xb1aa, 0xb020, 0xaea7,
    0xad4f, 0xac29, 0xab44, 0xaaaf, 0xaa7a, 0xd29a, 0xd7fb, 0xdd5d, 0xdfcc, 0xdfcc, 0xdfcc, 0xdfcc, 0xdfcc, 0xdfcc,
    0xdfcc, 0xdf92, 0xdef0, 0xddf5, 0xdcb5, 0xdb3f, 0xd9a6, 0xd7fb, 0xd650, 0xd4b7, 0xd342, 0xd202, 0xd108, 0xd066,
    0xd02c, 0xff53, 0x0003, 0x00a6, 0x00ea, 0x00ea, 0x00ea, 0x00ea, 0x00ea, 0x00ea, 0x00ea, 0x00e4, 0x00d2, 0x00b7,
    0x0093, 0x0067, 0x0037, 0x0003, 0xffcd, 0xff99, 0xff69, 0xff3f, 0xff1e, 0xff09, 0xff01, 0xfb5b, 0xfbad, 0xfc15,
    0xfc4b, 0xfc4b, 0xfc4b, 0xfc4b, 0xfc4b, 0xfc4b, 0xfc4b, 0xfc46, 0xfc38, 0xfc22, 0xfc08, 0xfbea, 0xfbcb, 0xfbad,
    0xfb91, 0xfb79, 0xfb64, 0xfb54, 0xfb48, 0xfb41, 0xfb3e, 0x3096, 0x33f8, 0x375a, 0x38e2, 0x38e2, 0x38e2, 0x38e2,
    0x38e2, 0x38e2, 0x38e2, 0x38be, 0x3857, 0x37ba, 0x36f0, 0x3605, 0x3504, 0x33f8, 0x32eb, 0x31ea, 0x30ff, 0x3036,
    0x2f98, 0x2f32, 0x2f0d, 0xfd63, 0xfd17, 0xfcc6, 0xfca0, 0xfca0, 0xfca0, 0xfca0, 0xfca0, 0xfca0, 0xfca0, 0xfca3,
    0xfcad, 0xfcbd, 0xfcd0, 0xfce6, 0xfcfe, 0xfd17, 0xfd2f, 0xfd45, 0xfd5a, 0xfd6b, 0xfd78, 0xfd80, 0xfd83, 0x03ee,
    0x042d, 0x0465, 0x047c, 0x047c, 0x047c, 0x047c, 0x047c, 0x047c, 0x047c, 0x047a, 0x0474, 0x046a, 0x045e, 0x044f,
    0x043f, 0x042d, 0x041a, 0x0407, 0x03f6, 0x03e7, 0x03da, 0x03d2, 0x03cf, 0xfec5, 0xfcd9, 0xf9a7, 0xf7d3, 0xf7d3,
    0xf7d3, 0xf7d3, 0xf7d3, 0xf7d3, 0xf7d3, 0x03b3, 0x113d, 0x0ab0, 0xfd66, 0xf6a8, 0xfe47, 0x0bb0, 0x1276, 0x110f,
    0x0d79, 0x08cf, 0x042c, 0x00a2, 0xff39, 0xfa4e, 0xf55c, 0xf108, 0xef63, 0xef63, 0xef63, 0xef63, 0xef63, 0xef63,
    0xef63, 0xeb9f, 0xe9c4, 0xeb99, 0xef2c, 0xf14a, 0xf255, 0xf5c6, 0xf87c, 0xf940, 0xfa26, 0xfb0b, 0xfbd4, 0xfc66,
    0xfc9e, 0xd634, 0xdffc, 0xea60, 0xef3f, 0xef3f, 0xef3f, 0xef3f, 0xef3f, 0xef3f, 0xef3f, 0xe9bf, 0xe0e4, 0xe06e,
    0xe2b0, 0xe2a8, 0xde9b, 0xd963, 0xd607, 0xd422, 0xd305, 0xd26a, 0xd21d, 0xd1ff, 0xd1f9, 0xeeae, 0xf8cf, 0x02fc,
    0x0787, 0x0787, 0x0787, 0x0787, 0x0787, 0x0787, 0x0787, 0x0508, 0xff2b, 0xf883, 0xf3c2, 0xf122, 0xef0b, 0xed6d,
    0xec38, 0xeb5c, 0xeac9, 0xea70, 0xea42, 0xea31, 0xea2f, 0xfa12, 0xfbbd, 0xfcc7, 0xfd05, 0xfd05, 0xfd05, 0xfd05,
    0xfd05, 0xfd05, 0xfd05, 0xfc9d, 0xfb99, 0xfa69, 0xf9c4, 0xf9aa, 0xf98d, 0xf970, 0xf957, 0xf943, 0xf936, 0xf92d,
    0xf928, 0xf927, 0xf927, 0xf5e7, 0xf845, 0xfaf8, 0xfc3c, 0xfc3c, 0xfc3c, 0xfc3c, 0xfc3c, 0xfc3c, 0xfc3c, 0xfbae,
    0xfa71, 0xf91a, 0xf802, 0xf72b, 0xf681, 0xf5ff, 0xf59f, 0xf55b, 0xf52d, 0xf512, 0xf504, 0xf4ff, 0xf4fe, 0x1eb6,
    0x28dc, 0x464b, 0xd46a, 0xd46a, 0xd46a, 0xd46a, 0xd46a, 0xd46a, 0xd46a, 0xd1dc, 0xca63, 0x3eeb, 0x332a, 0x2aa4,
    0x2541, 0x21fb, 0x2008, 0x1ee5, 0x1e42, 0x1ded, 0x1dc4, 0x1db3, 0x1dae, 0xf652, 0xe2b7, 0xd936, 0xa4ab, 0xa4ab,
    0xa4ab, 0xa4ab, 0xa4ab, 0xa4ab, 0xa4ab, 0xa55c, 0xa691, 0xd98f, 0xdc5e, 0xe12f, 0xe6be, 0xec3a, 0xf131, 0xf572,
    0xf8e8, 0xfb94, 0xfd78, 0xfe99, 0xfefa, 0xe8d3, 0xd4ed, 0xaf74, 0x1e2a, 0x1e2a, 0x1e2a, 0x1e2a, 0x1e2a, 0x1e2a,
    0x1e2a, 0x2159, 0x2a7f, 0xb863, 0xc6f7, 0xd25a, 0xda84, 0xe06f, 0xe4d5, 0xe82b, 0xeab4, 0xec94, 0xede2, 0xeea9,
    0xeeeb, 0x033c, 0x05f6, 0x08a4, 0x09d8, 0x09d8, 0x09d8, 0x09d8, 0x09d8, 0x09d8, 0x09d8, 0x09bc, 0x096b, 0x08f0,
    0x0851, 0x0797, 0x06cb, 0x05f6, 0x051f, 0x0450, 0x0392, 0x02ee, 0x026d, 0x021a, 0x01fc, 0x0080, 0x01a5, 0x02e5,
    0x037f, 0x037f, 0x037f, 0x037f, 0x037f, 0x037f, 0x037f, 0x0370, 0x0348, 0x030a, 0x02bd, 0x0264, 0x0206, 0x01a5,
    0x0148, 0x00f0, 0x00a2, 0x0061, 0x002f, 0x000f, 0x0004, 0xfedc, 0xfd43, 0xfbbe, 0xfb14, 0xfb14, 0xfb14, 0xfb14,
    0xfb14, 0xfb14, 0xfb14, 0xfb24, 0xfb50, 0xfb94, 0xfbec, 0xfc55, 0xfcc8, 0xfd43, 0xfdbf, 0xfe39, 0xfea9, 0xff0a,
    0xff57, 0xff89, 0xff9b, 0x0b0f, 0x0228, 0xf931, 0xf529, 0xf529, 0xf529, 0xf529, 0xf529, 0xf529, 0xf529, 0xf7ad,
    0xfd76, 0x03cc, 0x07eb, 0x09d8, 0x0b62, 0x0c94, 0x0d7a, 0x0e1f, 0x0e8e, 0x0ed3, 0x0ef6, 0x0f04, 0x0f06, 0x087e,
    0x0955, 0x09dc, 0x09fd, 0x09fd, 0x09fd, 0x09fd, 0x09fd, 0x09fd, 0x09fd, 0x09b6, 0x0900, 0x0821, 0x07a0, 0x078b,
    0x0783, 0x0787, 0x0795, 0x07a9, 0x07c2, 0x07da, 0x07f0, 0x0800, 0x0806, 0xf7f4, 0xf693, 0xf509, 0xf450, 0xf450,
    0xf450, 0xf450, 0xf450, 0xf450, 0xf450, 0xf4c5, 0xf5c1, 0xf6b8, 0xf74e, 0xf79a, 0xf7d7, 0xf808, 0xf82e, 0xf84c,
    0xf862, 0xf871, 0xf87a, 0xf87f, 0xf880, 0xf241, 0xecad, 0xe06d, 0xd75b, 0xd75b, 0xd75b, 0xd75b, 0xd75b, 0xd75b,
    0xd75b, 0xd9d2, 0xde5a, 0xe296, 0xe6b4, 0xea8c, 0xed67, 0xef7d, 0xf0fc, 0xf206, 0xf2b9, 0xf32a, 0xf36c, 0xf38c,
    0xf394, 0x0f60, 0x1c1b, 0x26f2, 0x2a4e, 0x2a4e, 0x2a4e, 0x2a4e, 0x2a4e, 0x2a4e, 0x2a4e, 0x279d, 0x2124, 0x19a8,
    0x1466, 0x1185, 0x0f18, 0x0d28, 0x0bb4, 0x0ab0, 0x0a0b, 0x09b2, 0x0990, 0x098c, 0x0991, 0xcca1, 0xc399, 0xb459,
    0xaa0b, 0xaa0b, 0xaa0b, 0xaa0b, 0xaa0b, 0xaa0b, 0xaa0b, 0xacc2, 0xb1d9, 0xb6a5, 0xbaed, 0xbed4, 0xc22f, 0xc51f,
    0xc7b6, 0xc9fa, 0xcbe9, 0xcd7e, 0xceaf, 0xcf70, 0xcfb3,
};

JointIndex gMiniblinSkelDamageAnimJointIndices[28] = {
    {
        0x0015,
        0x0000,
        0x002d,
    },
    {
        0x0001,
        0x0002,
        0x0003,
    },
    {
        0x0004,
        0x0005,
        0x0045,
    },
    {
        0x005d,
        0x0075,
        0x008d,
    },
    {
        0x00a5,
        0x00bd,
        0x00d5,
    },
    {
        0x00ed,
        0x0105,
        0x011d,
    },
    {
        0x0135,
        0x014d,
        0x0165,
    },
    {
        0x017d,
        0x0195,
        0x01ad,
    },
    {
        0x01c5,
        0x01dd,
        0x01f5,
    },
    {
        0x020d,
        0x0225,
        0x023d,
    },
    {
        0x0255,
        0x026d,
        0x0285,
    },
    {
        0x0006,
        0x0007,
        0x0008,
    },
    {
        0x029d,
        0x02b5,
        0x02cd,
    },
    {
        0x02e5,
        0x02fd,
        0x0315,
    },
    {
        0x032d,
        0x0345,
        0x035d,
    },
    {
        0x0375,
        0x038d,
        0x03a5,
    },
    {
        0x0009,
        0x000a,
        0x000b,
    },
    {
        0x03bd,
        0x03d5,
        0x03ed,
    },
    {
        0x0405,
        0x041d,
        0x0435,
    },
    {
        0x044d,
        0x0465,
        0x047d,
    },
    {
        0x000c,
        0x000d,
        0x000e,
    },
    {
        0x0495,
        0x04ad,
        0x04c5,
    },
    {
        0x04dd,
        0x04f5,
        0x050d,
    },
    {
        0x0525,
        0x053d,
        0x0555,
    },
    {
        0x000f,
        0x0010,
        0x0011,
    },
    {
        0x056d,
        0x0585,
        0x059d,
    },
    {
        0x05b5,
        0x05cd,
        0x05e5,
    },
    {
        0x0012,
        0x0013,
        0x0014,
    },
};

AnimationHeader gMiniblinSkelDamageAnim = {
    { 24 }, gMiniblinSkelDamageAnimFrameData, gMiniblinSkelDamageAnimJointIndices, 21
};

/* ---- gMiniblinDeathAnim.c ---- */
s16 gMiniblinSkelDeathAnimFrameData[1362] = {
    0x000b, 0xe83e, 0x0000, 0xab46, 0x06a2, 0x2719, 0x55e8, 0xed25, 0x29ad, 0xb928, 0x0549, 0x14c8, 0x4288, 0xf46f,
    0x15de, 0xfe1c, 0xfd03, 0x09f7, 0x0036, 0xffea, 0xff77, 0xfee9, 0xfe4b, 0xfda8, 0xfd0a, 0xfc7c, 0xfc0a, 0xfbbd,
    0xfba1, 0xfbf3, 0xfcd1, 0xfe19, 0xffa6, 0x0157, 0x0308, 0x0496, 0x05dd, 0x06bc, 0x070d, 0x40d4, 0x409c, 0x404d,
    0x3ff4, 0x3f9f, 0x3f5c, 0x3f3d, 0x3f5b, 0x3fe3, 0x413a, 0xc4a1, 0xd278, 0x1d8f, 0x305e, 0xb497, 0xb672, 0xb786,
    0xb83d, 0xb8bc, 0xb90b, 0xb927, 0xe430, 0xe3e6, 0xe356, 0xe26f, 0xe121, 0xdf5b, 0xdd09, 0xda14, 0xd661, 0xd1d2,
    0xb3b5, 0xba3a, 0xbac4, 0xb162, 0xd98e, 0xe4c0, 0xef3b, 0xf82c, 0xff02, 0x035c, 0x04e5, 0xbf55, 0xbf13, 0xbeaf,
    0xbe2d, 0xbd93, 0xbce4, 0xbc1d, 0xbb32, 0xba05, 0xb83c, 0x34a3, 0x26cc, 0xdbd0, 0xc932, 0x453f, 0x43bb, 0x430b,
    0x42bc, 0x429e, 0x4297, 0x4297, 0x08d8, 0x08c8, 0x08ae, 0x088e, 0x0869, 0x0841, 0x081a, 0x07f5, 0x07d8, 0x07c3,
    0x07bc, 0x07bc, 0x07bc, 0x07bc, 0x07bc, 0x07bc, 0x07bc, 0x07bc, 0x07bc, 0x07bc, 0x07bc, 0x04fa, 0x04e6, 0x04c9,
    0x04a6, 0x047f, 0x0459, 0x0435, 0x0416, 0x03fd, 0x03ed, 0x03e7, 0x03e7, 0x03e7, 0x03e7, 0x03e7, 0x03e7, 0x03e7,
    0x03e7, 0x03e7, 0x03e7, 0x03e7, 0x2c2c, 0x2cbf, 0x2d9c, 0x2eac, 0x2fdc, 0x3117, 0x3247, 0x3357, 0x3434, 0x34c7,
    0x34fd, 0x34fd, 0x34fd, 0x34fd, 0x34fd, 0x34fd, 0x34fd, 0x34fd, 0x34fd, 0x34fd, 0x34fd, 0xc020, 0xc266, 0xc4ac,
    0xc5b5, 0xc19d, 0xb9ba, 0xb3a3, 0xb02c, 0xaf11, 0xaf16, 0xaf2a, 0xaf56, 0xafa1, 0xb014, 0xb520, 0xc01e, 0xcb81,
    0xd0b4, 0xcb6a, 0xbfd4, 0xb4c6, 0x0c02, 0x0bf2, 0x0be1, 0x0be1, 0x0c64, 0x0cdb, 0x0cd8, 0x0cbe, 0x0c7d, 0x0c02,
    0x0b65, 0x0aca, 0x0a54, 0x0a28, 0x0bd5, 0x0f17, 0x117b, 0x1235, 0x1183, 0x0f25, 0x0bdd, 0x0334, 0x039b, 0x0402,
    0x0431, 0x0379, 0x0202, 0x00e9, 0x0052, 0x0023, 0x0020, 0x001e, 0x001f, 0x0024, 0x0030, 0x0134, 0x0427, 0x0800,
    0x09f1, 0x07fd, 0x041c, 0x0128, 0xffb3, 0x00d1, 0x01ee, 0x0270, 0x00d1, 0xfde3, 0xfbf2, 0xfadb, 0xf9e4, 0xf87d,
    0xf6ce, 0xf52c, 0xf3f0, 0xf373, 0xf729, 0xff51, 0x075a, 0x0aee, 0xff51, 0xf373, 0xf41b, 0xfe79, 0xfe5b, 0xfe3d,
    0xfe2f, 0xfe5c, 0xfeb5, 0xfeef, 0xff14, 0xff4c, 0xffb0, 0x002d, 0x009f, 0x00ef, 0x010d, 0x0002, 0xfd46, 0xfa15,
    0xf88a, 0xfd46, 0x010d, 0x00f0, 0xfd16, 0xfd07, 0xfcf8, 0xfcf0, 0xfd34, 0xfd81, 0xfd8d, 0xfd87, 0xfd6a, 0xfcf9,
    0xfc24, 0xfb30, 0xfa66, 0xfa13, 0xfb68, 0xfe01, 0x0007, 0x00ba, 0xfe01, 0xfa13, 0xfa42, 0x4e3a, 0x4e63, 0x4e86,
    0x4e94, 0x4eb2, 0x4eb7, 0x4ea0, 0x4e75, 0x4dfe, 0x4cf5, 0x4b86, 0x4a0d, 0x48e7, 0x4870, 0x4b35, 0x5011, 0x53e6,
    0x5575, 0x53e6, 0x5012, 0x4b36, 0x04c3, 0x01ed, 0xff16, 0xfdcd, 0x035c, 0x0d56, 0x139f, 0x1630, 0x16d0, 0x1705,
    0x172b, 0x1741, 0x1749, 0x1748, 0x1222, 0x061b, 0xf9ca, 0xf450, 0xf9ca, 0x061b, 0x1223, 0xc025, 0xc07d, 0xc0d3,
    0xc0f9, 0xc04b, 0xbf0f, 0xbe35, 0xbdc3, 0xbd70, 0xbcf5, 0xbc59, 0xbbbe, 0xbb48, 0xbb19, 0xbd57, 0xc0cf, 0xc2d6,
    0xc362, 0xc2d6, 0xc0cf, 0xbd57, 0x038a, 0x03ad, 0x03d6, 0x03eb, 0x03d2, 0x03c5, 0x03d5, 0x03b6, 0x031d, 0x01e5,
    0x005a, 0xfee2, 0xfdcf, 0xfd64, 0xfe85, 0x01f1, 0x0695, 0x090e, 0x01f1, 0xfd64, 0xfd98, 0x0015, 0x00ba, 0x015f,
    0x01a9, 0x00cc, 0xff30, 0xfe04, 0xfd16, 0xfbd8, 0xf9da, 0xf75d, 0xf4df, 0xf2f3, 0xf22f, 0xf595, 0xfcdc, 0x0367,
    0x05fe, 0xfcdc, 0xf22f, 0xf2fb, 0x03dd, 0x0527, 0x0673, 0x070a, 0x0565, 0x024f, 0xfff4, 0xfe3e, 0xfc83, 0xfa50,
    0xf7ee, 0xf5ca, 0xf443, 0xf3ad, 0xf6cb, 0xfdff, 0x05c9, 0x0984, 0xfdff, 0xf3ad, 0xf484, 0xf04c, 0xf1bf, 0xf402,
    0xf6f4, 0xfa75, 0xfe5e, 0x0286, 0x06c0, 0x0adf, 0x0eb7, 0x121f, 0x14f9, 0x174f, 0x1934, 0x1ab6, 0x1be4, 0x1cc6,
    0x1d68, 0x1dd1, 0x1e0a, 0x1e1c, 0xe5f2, 0xe5e0, 0xe5c5, 0xe5a3, 0xe57c, 0xe559, 0xe542, 0xe542, 0xe566, 0xe5ba,
    0xe64a, 0xe6ee, 0xe776, 0xe7e4, 0xe83a, 0xe87a, 0xe8a6, 0xe8c3, 0xe8d3, 0xe8da, 0xe8dc, 0xe790, 0xe7c6, 0xe80e,
    0xe85b, 0xe89f, 0xe8cc, 0xe8d6, 0xe8b5, 0xe864, 0xe7e0, 0xe729, 0xe668, 0xe5c2, 0xe532, 0xe4b2, 0xe443, 0xe3e3,
    0xe395, 0xe359, 0xe334, 0xe326, 0xf6a2, 0xf7df, 0xf9c8, 0xfc34, 0xfee9, 0x01a2, 0x041b, 0x0620, 0x079b, 0x0882,
    0x08d2, 0x08d2, 0x08d2, 0x08d2, 0x08d2, 0x08d2, 0x08d2, 0x08d2, 0x08d2, 0x08d2, 0x08d2, 0x0877, 0x0850, 0x083b,
    0x0864, 0x08ee, 0x09e0, 0x0b23, 0x0c82, 0x0dbf, 0x0ea1, 0x0ef5, 0x0ef5, 0x0ef5, 0x0ef5, 0x0ef5, 0x0ef5, 0x0ef5,
    0x0ef5, 0x0ef5, 0x0ef5, 0x0ef5, 0x40fb, 0x3e63, 0x3a69, 0x355d, 0x2fa3, 0x29b3, 0x2408, 0x1f13, 0x1b2e, 0x18a3,
    0x17ba, 0x17ba, 0x17ba, 0x17ba, 0x17ba, 0x17ba, 0x17ba, 0x17ba, 0x17ba, 0x17ba, 0x17ba, 0x03e6, 0x043c, 0x04be,
    0x0563, 0x061e, 0x06e4, 0x07a8, 0x085b, 0x08f1, 0x095d, 0x0995, 0x0996, 0x096d, 0x0924, 0x08c2, 0x0851, 0x07db,
    0x076a, 0x070b, 0x06c9, 0x06b1, 0xf9c4, 0xf9be, 0xf9a7, 0xf972, 0xf915, 0xf886, 0xf7bb, 0xf6ad, 0xf556, 0xf3b2,
    0xf1bc, 0xef74, 0xecec, 0xea40, 0xe78c, 0xe4ef, 0xe285, 0xe06f, 0xdecb, 0xddb9, 0xdd56, 0xaa0c, 0xaa9f, 0xab82,
    0xaca4, 0xadf6, 0xaf65, 0xb0e3, 0xb25d, 0xb3c3, 0xb506, 0xb61a, 0xb6f1, 0xb791, 0xb806, 0xb85b, 0xb897, 0xb8c3,
    0xb8e2, 0xb8f6, 0xb900, 0xb903, 0x143d, 0x1372, 0x1234, 0x1091, 0x0e9b, 0x0c61, 0x09f6, 0x076b, 0x04d5, 0x024b,
    0xffe2, 0xfda5, 0xfb92, 0xf9ae, 0xf7fd, 0xf683, 0xf545, 0xf446, 0xf38b, 0xf317, 0xf2ef, 0x1566, 0x15aa, 0x160f,
    0x168c, 0x1714, 0x179e, 0x181c, 0x1882, 0x18c4, 0x18d8, 0x18b0, 0x1866, 0x181a, 0x17cb, 0x177d, 0x1733, 0x16ef,
    0x16b5, 0x1688, 0x166b, 0x1661, 0xe994, 0xe99a, 0xe99b, 0xe992, 0xe978, 0xe947, 0xe8fc, 0xe895, 0xe815, 0xe77f,
    0xe6d8, 0xe628, 0xe574, 0xe4c2, 0xe418, 0xe37b, 0xe2ef, 0xe27a, 0xe220, 0xe1e6, 0xe1d1, 0x0b5c, 0x0ab3, 0x09bb,
    0x0896, 0x0769, 0x0657, 0x0576, 0x04cd, 0x0454, 0x03f8, 0x03a3, 0x02ef, 0x019d, 0xffd5, 0xfdc2, 0xfb8f, 0xf965,
    0xf771, 0xf5d9, 0xf4c8, 0xf464, 0x016d, 0x0118, 0x0086, 0xffaf, 0xfe98, 0xfd51, 0xfbf9, 0xfab8, 0xf9b3, 0xf90b,
    0xf8df, 0xf90a, 0xf94f, 0xf9a2, 0xf9fd, 0xfa5c, 0xfab8, 0xfb0c, 0xfb52, 0xfb82, 0xfb95, 0x3e95, 0x3bed, 0x37df,
    0x32b9, 0x2cda, 0x26a6, 0x2086, 0x1ade, 0x1604, 0x1242, 0x0fd8, 0x0e64, 0x0d4a, 0x0c7d, 0x0bed, 0x0b8f, 0x0b57,
    0x0b3a, 0x0b2f, 0x0b2f, 0x0b30, 0xfd04, 0xfcb6, 0xfc43, 0xfbb7, 0xfb1d, 0xfa80, 0xf9ee, 0xf970, 0xf914, 0xf8e7,
    0xf8fa, 0xf923, 0xf94b, 0xf998, 0xfa2b, 0xfb18, 0xfc69, 0xfe0c, 0xffc7, 0x0132, 0x01c5, 0x081d, 0x0807, 0x07e9,
    0x07c9, 0x07ad, 0x079c, 0x079c, 0x07b3, 0x07e6, 0x083b, 0x08b3, 0x09fc, 0x0c93, 0x1029, 0x1465, 0x18e7, 0x1d49,
    0x212c, 0x2440, 0x2642, 0x26fb, 0xaa48, 0xaa58, 0xaa7e, 0xaac3, 0xab31, 0xabd0, 0xaca9, 0xadc4, 0xaf2d, 0xb0ee,
    0xb315, 0xb587, 0xb81f, 0xbad8, 0xbdb0, 0xc0a6, 0xc3b1, 0xc6b7, 0xc978, 0xcb84, 0xcc4f, 0x89c1, 0x89f6, 0x8a4a,
    0x8ab6, 0x8b36, 0x8bc6, 0x8c60, 0x8d00, 0x8da2, 0x8e42, 0x8edd, 0x8f70, 0x8ff9, 0x9077, 0x90e7, 0x9149, 0x919c,
    0x91df, 0x920f, 0x922e, 0x9238, 0x3d32, 0x3d30, 0x3d2b, 0x3d26, 0x3d1e, 0x3d16, 0x3d0c, 0x3d02, 0x3cf6, 0x3cea,
    0x3cde, 0x3cd1, 0x3cc4, 0x3cb8, 0x3cad, 0x3ca2, 0x3c99, 0x3c91, 0x3c8b, 0x3c88, 0x3c86, 0xf6c8, 0xf718, 0xf795,
    0xf839, 0xf8fd, 0xf9da, 0xfac9, 0xfbc5, 0xfcc7, 0xfdca, 0xfec9, 0xffbf, 0x00a9, 0x0183, 0x0249, 0x02f8, 0x038e,
    0x0408, 0x0463, 0x049c, 0x04af, 0xd429, 0xd4b1, 0xd589, 0xd6a8, 0xd806, 0xd999, 0xdb59, 0xdd3b, 0xdf37, 0xe141,
    0xe34f, 0xe557, 0xe750, 0xe92e, 0xeae9, 0xec77, 0xedd0, 0xeeeb, 0xefbf, 0xf045, 0xf073, 0x0086, 0x0082, 0x007a,
    0x006e, 0x005c, 0x0044, 0x0024, 0xfffa, 0xffc9, 0xff90, 0xff50, 0xff0a, 0xfec0, 0xfe74, 0xfe29, 0xfde2, 0xfda2,
    0xfd6c, 0xfd42, 0xfd28, 0xfd1e, 0xfc61, 0xfc86, 0xfcc1, 0xfd10, 0xfd70, 0xfddd, 0xfe55, 0xfed5, 0xff5a, 0xffe0,
    0x0065, 0x00e4, 0x015d, 0x01cc, 0x022f, 0x0286, 0x02cf, 0x030a, 0x0335, 0x034f, 0x0359, 0x2ecc, 0x2ea0, 0x2e5b,
    0x2e04, 0x2da0, 0x2d36, 0x2cc9, 0x2c60, 0x2c00, 0x2bae, 0x2b70, 0x2b4a, 0x2b47, 0x2b6e, 0x2bce, 0x2c76, 0x2d7b,
    0x2ee5, 0x309c, 0x3231, 0x32e1, 0xfe34, 0xff3d, 0x00e7, 0x0326, 0x05ee, 0x0934, 0x0ce7, 0x10f6, 0x1549, 0x19c8,
    0x1e57, 0x22d8, 0x272e, 0x2b41, 0x2efa, 0x3243, 0x350e, 0x374d, 0x38f4, 0x39f9, 0x3a53, 0x04bc, 0x04f4, 0x054a,
    0x05ba, 0x063f, 0x06d4, 0x0775, 0x0820, 0x08d3, 0x098d, 0x0a4f, 0x0b1b, 0x0bf7, 0x0ce9, 0x0dfd, 0x0f43, 0x10cc,
    0x12a0, 0x14a5, 0x166b, 0x172c, 0xff3b, 0xff40, 0xff4a, 0xff5b, 0xff72, 0xff91, 0xffb9, 0xffec, 0x002b, 0x0076,
    0x00cd, 0x0131, 0x019e, 0x020d, 0x027a, 0x02e0, 0x0339, 0x0384, 0x03bc, 0x03e0, 0x03ec, 0xfc9e, 0xfc9e, 0xfc9d,
    0xfc9d, 0xfc9c, 0xfc9a, 0xfc98, 0xfc94, 0xfc8d, 0xfc83, 0xfc74, 0xfc5d, 0xfc3c, 0xfc12, 0xfbe1, 0xfbaa, 0xfb72,
    0xfb3e, 0xfb12, 0xfaf4, 0xfaea, 0xcfd0, 0xcff2, 0xd030, 0xd092, 0xd11b, 0xd1d1, 0xd2ba, 0xd3db, 0xd53a, 0xd6dd,
    0xd8ca, 0xdb05, 0xdd82, 0xe022, 0xe2c9, 0xe559, 0xe7b5, 0xe9bd, 0xeb55, 0xec5f, 0xecbe, 0xe38f, 0xe5fe, 0xe9a5,
    0xee30, 0xf34c, 0xf8a7, 0xfdeb, 0x02bc, 0x06af, 0x095c, 0x0a58, 0x0a58, 0x0a58, 0x0a58, 0x0a58, 0x0a58, 0x0a58,
    0x0a58, 0x0a58, 0x0a58, 0x0a58, 0xf88a, 0xfa10, 0xfc72, 0xff86, 0x0311, 0x06be, 0x0a37, 0x0d2e, 0x0f6e, 0x10d8,
    0x1157, 0x1157, 0x1157, 0x1157, 0x1157, 0x1157, 0x1157, 0x1157, 0x1157, 0x1157, 0x1157, 0xf3b6, 0xf325, 0xf276,
    0xf1ea, 0xf1b5, 0xf1f8, 0xf2b1, 0xf3bb, 0xf4d6, 0xf5b3, 0xf60a, 0xf60a, 0xf60a, 0xf60a, 0xf60a, 0xf60a, 0xf60a,
    0xf60a, 0xf60a, 0xf60a, 0xf60a, 0x28b3, 0x2765, 0x256a, 0x22e8, 0x1fff, 0x1cd6, 0x1997, 0x167e, 0x13d6, 0x11fb,
    0x1149, 0x1149, 0x1149, 0x1149, 0x1149, 0x1149, 0x1149, 0x1149, 0x1149, 0x1149, 0x1149, 0x039b, 0x01d5, 0xff26,
    0xfbd1, 0xf81c, 0xf455, 0xf0c9, 0xedbb, 0xeb61, 0xe9e0, 0xe957, 0xe957, 0xe957, 0xe957, 0xe957, 0xe957, 0xe957,
    0xe957, 0xe957, 0xe957, 0xe957, 0xf1dd, 0xf1f0, 0xf228, 0xf29d, 0xf363, 0xf47f, 0xf5e4, 0xf76f, 0xf8e6, 0xf9fd,
    0xfa69, 0xfa69, 0xfa69, 0xfa69, 0xfa69, 0xfa69, 0xfa69, 0xfa69, 0xfa69, 0xfa69, 0xfa69, 0xff50, 0xffa6, 0x0027,
    0x00c3, 0x016f, 0x021d, 0x02c3, 0x0356, 0x03ca, 0x0418, 0x0434, 0x0434, 0x0434, 0x0434, 0x0434, 0x0434, 0x0434,
    0x0434, 0x0434, 0x0434, 0x0434, 0xef95, 0xefc7, 0xf014, 0xf075, 0xf0e4, 0xf159, 0xf1cd, 0xf238, 0xf28f, 0xf2ca,
    0xf2e0, 0xf2e0, 0xf2e0, 0xf2e0, 0xf2e0, 0xf2e0, 0xf2e0, 0xf2e0, 0xf2e0, 0xf2e0, 0xf2e0, 0xfb9b, 0xfb41, 0xfaba,
    0xfa16, 0xf962, 0xf8aa, 0xf7fb, 0xf760, 0xf6e5, 0xf693, 0xf675, 0xf675, 0xf675, 0xf675, 0xf675, 0xf675, 0xf675,
    0xf675, 0xf675, 0xf675, 0xf675, 0x1fb9, 0x1e7f, 0x1ca7, 0x1a5f, 0x17d3, 0x1531, 0x12a8, 0x1065, 0x0e93, 0x0d5c,
    0x0ceb, 0x0ceb, 0x0ceb, 0x0ceb, 0x0ceb, 0x0ceb, 0x0ceb, 0x0ceb, 0x0ceb, 0x0ceb, 0x0ceb, 0x0b12, 0x0b0a, 0x0af9,
    0x0adf, 0x0ab9, 0x0a8a, 0x0a55, 0x0a1e, 0x09ee, 0x09cc, 0x09bf, 0x09bf, 0x09bf, 0x09bf, 0x09bf, 0x09bf, 0x09bf,
    0x09bf, 0x09bf, 0x09bf, 0x09bf, 0xef05, 0xeec3, 0xee60, 0xede6, 0xed60, 0xecd9, 0xec59, 0xebeb, 0xeb94, 0xeb5b,
    0xeb47, 0xeb47, 0xeb47, 0xeb47, 0xeb47, 0xeb47, 0xeb47, 0xeb47, 0xeb47, 0xeb47, 0xeb47, 0xf643, 0xf4b4, 0xf25c,
    0xef75, 0xec3a, 0xe8e6, 0xe5b2, 0xe2d5, 0xe081, 0xdeef, 0xde5c, 0xde5c, 0xde5c, 0xde5c, 0xde5c, 0xde5c, 0xde5c,
    0xde5c, 0xde5c, 0xde5c, 0xde5c, 0x126a, 0x1384, 0x1545, 0x179b, 0x1a66, 0x1d74, 0x2085, 0x2353, 0x259a, 0x271e,
    0x27ac, 0x27ac, 0x27ac, 0x27ac, 0x27ac, 0x27ac, 0x27ac, 0x27ac, 0x27ac, 0x27ac, 0x27ac, 0xd16c, 0xd2ad, 0xd486,
    0xd6c0, 0xd91f, 0xdb69, 0xdd6f, 0xdf0f, 0xe037, 0xe0e7, 0xe122, 0xe122, 0xe122, 0xe122, 0xe122, 0xe122, 0xe122,
    0xe122, 0xe122, 0xe122, 0xe122,
};

JointIndex gMiniblinSkelDeathAnimJointIndices[28] = {
    {
        0x0000,
        0x0012,
        0x0001,
    },
    {
        0x0027,
        0x003c,
        0x0051,
    },
    {
        0x0002,
        0x0002,
        0x0002,
    },
    {
        0x0066,
        0x007b,
        0x0090,
    },
    {
        0x00a5,
        0x00ba,
        0x00cf,
    },
    {
        0x00e4,
        0x00f9,
        0x010e,
    },
    {
        0x0123,
        0x0138,
        0x014d,
    },
    {
        0x0162,
        0x0177,
        0x018c,
    },
    {
        0x0003,
        0x0004,
        0x0005,
    },
    {
        0x01a1,
        0x01b6,
        0x01cb,
    },
    {
        0x01e0,
        0x01f5,
        0x020a,
    },
    {
        0x021f,
        0x0234,
        0x0249,
    },
    {
        0x0006,
        0x0007,
        0x0008,
    },
    {
        0x025e,
        0x0273,
        0x0288,
    },
    {
        0x029d,
        0x02b2,
        0x02c7,
    },
    {
        0x02dc,
        0x02f1,
        0x0306,
    },
    {
        0x031b,
        0x0330,
        0x0345,
    },
    {
        0x035a,
        0x036f,
        0x0384,
    },
    {
        0x0399,
        0x03ae,
        0x03c3,
    },
    {
        0x03d8,
        0x03ed,
        0x0402,
    },
    {
        0x0009,
        0x000a,
        0x000b,
    },
    {
        0x0417,
        0x042c,
        0x0441,
    },
    {
        0x0456,
        0x046b,
        0x0480,
    },
    {
        0x0495,
        0x04aa,
        0x04bf,
    },
    {
        0x000c,
        0x000d,
        0x000e,
    },
    {
        0x04d4,
        0x04e9,
        0x04fe,
    },
    {
        0x0513,
        0x0528,
        0x053d,
    },
    {
        0x000f,
        0x0010,
        0x0011,
    },
};

AnimationHeader gMiniblinSkelDeathAnim = {
    { 21 }, gMiniblinSkelDeathAnimFrameData, gMiniblinSkelDeathAnimJointIndices, 18
};

/* ---- gMiniblinIdleAnim.c ---- */
s16 gMiniblinSkelIdleAnimFrameData[3808] = {
    0x000b, 0xe83e, 0x40ea, 0xe445, 0xbf6c, 0x89ae, 0x3d33, 0xf6ad, 0x0160, 0x0154, 0x0142, 0x012b, 0x0110, 0x00f3,
    0x00d4, 0x00b6, 0x0098, 0x007d, 0x0065, 0x0052, 0x0045, 0x0040, 0x0043, 0x004d, 0x005d, 0x0073, 0x008d, 0x00aa,
    0x00ca, 0x00eb, 0x010b, 0x012b, 0x0149, 0x0164, 0x017b, 0x018d, 0x019d, 0x01a9, 0x01b1, 0x01b7, 0x01bb, 0x01bc,
    0x01bb, 0x01b8, 0x01b4, 0x01ae, 0x01a7, 0x01a0, 0x0198, 0x0190, 0x0188, 0x0180, 0x0178, 0x0172, 0x016c, 0x0168,
    0x0165, 0x0164, 0xffff, 0xffff, 0xfffe, 0xfffe, 0xfffd, 0xfffd, 0xfffc, 0xfffc, 0xfffc, 0xfffc, 0xfffd, 0xfffe,
    0x0000, 0x0002, 0x0004, 0x0005, 0x0007, 0x0009, 0x000a, 0x000a, 0x0009, 0x0008, 0x0005, 0x0000, 0xfff9, 0xfff1,
    0xffe9, 0xffe0, 0xffd6, 0xffcc, 0xffc2, 0xffb9, 0xffb1, 0xffaa, 0xffa5, 0xffa2, 0xffa1, 0xffa2, 0xffa6, 0xffad,
    0xffb6, 0xffc0, 0xffca, 0xffd5, 0xffe0, 0xffea, 0xfff2, 0xfff9, 0xfffd, 0x0000, 0xffff, 0xffff, 0xffff, 0xfffe,
    0xfffe, 0xfffe, 0xfffe, 0xfffe, 0xfffe, 0xfffe, 0xfffe, 0xfffe, 0x0000, 0x0001, 0x0002, 0x0003, 0x0004, 0x0004,
    0x0005, 0x0005, 0x0005, 0x0004, 0x0002, 0x0000, 0xfffc, 0xfff8, 0xfff4, 0xfff0, 0xffec, 0xffe8, 0xffe4, 0xffe0,
    0xffdc, 0xffda, 0xffd8, 0xffd6, 0xffd6, 0xffd7, 0xffd8, 0xffdb, 0xffde, 0xffe2, 0xffe7, 0xffec, 0xfff0, 0xfff5,
    0xfff9, 0xfffc, 0xfffe, 0x0000, 0x0001, 0x0004, 0x0007, 0x000c, 0x0010, 0x0015, 0x0018, 0x001a, 0x001b, 0x0019,
    0x0014, 0x000c, 0xffff, 0xffef, 0xffdd, 0xffcb, 0xffb9, 0xffab, 0xffa2, 0xff9f, 0xffa6, 0xffb7, 0xffd4, 0xffff,
    0x003b, 0x0082, 0x00d4, 0x012c, 0x0188, 0x01e4, 0x023e, 0x0293, 0x02de, 0x031e, 0x034f, 0x036e, 0x0378, 0x036a,
    0x0342, 0x0303, 0x02b3, 0x0257, 0x01f2, 0x018c, 0x0127, 0x00ca, 0x0079, 0x0039, 0x000f, 0xffff, 0xfde2, 0xfe5b,
    0xff14, 0x0003, 0x011a, 0x024d, 0x038f, 0x04d3, 0x060b, 0x0729, 0x081f, 0x08de, 0x0958, 0x0981, 0x095e, 0x08f4,
    0x084d, 0x0770, 0x0664, 0x0532, 0x03e2, 0x027b, 0x0105, 0xff88, 0xfe0d, 0xfc99, 0xfb2f, 0xf9d6, 0xf891, 0xf766,
    0xf658, 0xf56d, 0xf4a9, 0xf410, 0xf3a8, 0xf376, 0xf37e, 0xf3c6, 0xf451, 0xf515, 0xf606, 0xf717, 0xf83b, 0xf963,
    0xfa81, 0xfb87, 0xfc6a, 0xfd1b, 0xfd8e, 0xfdb7, 0xffd9, 0x001a, 0x007d, 0x00f9, 0x0188, 0x0221, 0x02bc, 0x0352,
    0x03dc, 0x0455, 0x04b8, 0x0501, 0x052d, 0x053a, 0x052e, 0x050b, 0x04d7, 0x0496, 0x044c, 0x03fb, 0x03a7, 0x0354,
    0x0304, 0x02bb, 0x027a, 0x0243, 0x0213, 0x01eb, 0x01c8, 0x01a9, 0x018c, 0x016f, 0x0150, 0x012e, 0x0108, 0x00dc,
    0x00ab, 0x0075, 0x003c, 0x0005, 0xffd3, 0xffad, 0xff93, 0xff87, 0xff87, 0xff90, 0xff9f, 0xffb0, 0xffbd, 0xffc2,
    0x10e7, 0x1114, 0x115d, 0x11c2, 0x123f, 0x12d4, 0x137e, 0x1439, 0x1500, 0x15cf, 0x16a0, 0x176c, 0x182f, 0x18e3,
    0x1988, 0x1a21, 0x1aaf, 0x1b34, 0x1bb2, 0x1c2c, 0x1ca3, 0x1d19, 0x1d8f, 0x1e05, 0x1e7b, 0x1eef, 0x1f5b, 0x1fbd,
    0x200f, 0x204f, 0x2078, 0x2087, 0x2078, 0x2047, 0x1ff1, 0x1f71, 0x1ec4, 0x1de4, 0x1cd1, 0x1b92, 0x1a35, 0x18c5,
    0x174f, 0x15e2, 0x148a, 0x1356, 0x1250, 0x1187, 0x1105, 0x10d7, 0xc002, 0xc00b, 0xc021, 0xc040, 0xc066, 0xc08d,
    0xc0b1, 0xc0d0, 0xc0e5, 0xc0ed, 0xc0b9, 0xc02e, 0xbf64, 0xbe75, 0xbd88, 0xbccd, 0xbc81, 0xbc81, 0xbc81, 0xbc81,
    0xbc81, 0xbc81, 0xbc81, 0xbc81, 0xbc81, 0xbc81, 0xbc2d, 0xbb5b, 0xba49, 0xb939, 0xb868, 0xb815, 0xb82b, 0xb865,
    0xb8bf, 0xb932, 0xb9ba, 0xba52, 0xbaf4, 0xbb9b, 0xbc43, 0xbce9, 0xbd88, 0xbe1c, 0xbea3, 0xbf18, 0xbf7a, 0xbfc3,
    0xbff2, 0xc002, 0x00b6, 0x00da, 0x0139, 0x01c4, 0x0268, 0x0315, 0x03b9, 0x0444, 0x04a4, 0x04c8, 0x03d6, 0x0163,
    0xfe08, 0xfa63, 0xf712, 0xf4aa, 0xf3be, 0xf3be, 0xf3be, 0xf3be, 0xf3be, 0xf3be, 0xf3be, 0xf3be, 0xf3be, 0xf3be,
    0xf3c1, 0xf3cc, 0xf3dd, 0xf3f4, 0xf40e, 0xf426, 0xf456, 0xf4b4, 0xf53a, 0xf5e5, 0xf6ad, 0xf78d, 0xf880, 0xf980,
    0xfa87, 0xfb8d, 0xfc8e, 0xfd81, 0xfe61, 0xff26, 0xffcb, 0x004a, 0x009a, 0x00b6, 0x00b6, 0x00b1, 0x00a4, 0x0091,
    0x007c, 0x0065, 0x0051, 0x0040, 0x0035, 0x0030, 0x0059, 0x00c8, 0x016d, 0x0237, 0x0305, 0x03aa, 0x03ee, 0x03ee,
    0x03ee, 0x03ee, 0x03ee, 0x03ee, 0x03ee, 0x03ee, 0x03ee, 0x03ee, 0x0404, 0x043a, 0x047f, 0x04c4, 0x04f8, 0x050b,
    0x04fc, 0x04d5, 0x049c, 0x0453, 0x03ff, 0x03a4, 0x0345, 0x02e6, 0x0289, 0x0230, 0x01df, 0x0195, 0x0154, 0x011d,
    0x00f2, 0x00d1, 0x00bd, 0x00b6, 0x08fb, 0x093f, 0x09f6, 0x0b02, 0x0c43, 0x0d98, 0x0ee1, 0x0ff8, 0x10bc, 0x1109,
    0x1054, 0x0e7e, 0x0c13, 0x09a2, 0x079e, 0x064e, 0x05d5, 0x05d5, 0x05d5, 0x05d5, 0x05d5, 0x05d5, 0x05d5, 0x05d5,
    0x05d5, 0x05d5, 0x0634, 0x071f, 0x084c, 0x0973, 0x0a4a, 0x0a8d, 0x0a6d, 0x0a4d, 0x0a2d, 0x0a0f, 0x09f3, 0x09d7,
    0x09bd, 0x09a3, 0x098b, 0x0973, 0x095c, 0x0947, 0x0933, 0x0921, 0x0911, 0x0906, 0x08fe, 0x08fb, 0xffe7, 0x0006,
    0x0053, 0x00be, 0x0132, 0x01a2, 0x0200, 0x0248, 0x0275, 0x0285, 0x0249, 0x018d, 0x0044, 0xfe87, 0xfcad, 0xfb33,
    0xfa9b, 0xfa9b, 0xfa9b, 0xfa9b, 0xfa9b, 0xfa9b, 0xfa9b, 0xfa9b, 0xfa9b, 0xfa9b, 0xfacc, 0xfb4e, 0xfc06, 0xfcd8,
    0xfda4, 0xfe4c, 0xfecb, 0xff34, 0xff89, 0xffcb, 0xfffd, 0x0021, 0x0038, 0x0044, 0x0048, 0x0044, 0x003b, 0x002e,
    0x001f, 0x000f, 0x0000, 0xfff3, 0xffea, 0xffe7, 0x00d9, 0x0121, 0x01e3, 0x02fe, 0x0451, 0x05b9, 0x0713, 0x0839,
    0x0907, 0x0958, 0x07ee, 0x043c, 0xff2d, 0xf9bc, 0xf4dd, 0xf166, 0xf014, 0xf014, 0xf014, 0xf014, 0xf014, 0xf014,
    0xf014, 0xf014, 0xf014, 0xf014, 0xeffd, 0xefc7, 0xef89, 0xef57, 0xef3f, 0xef4e, 0xef97, 0xf021, 0xf0e5, 0xf1db,
    0xf2f9, 0xf438, 0xf58f, 0xf6f6, 0xf864, 0xf9cf, 0xfb30, 0xfc7e, 0xfdaf, 0xfebc, 0xff9c, 0x0047, 0x00b3, 0x00d9,
    0x3fe2, 0x3feb, 0x4005, 0x402b, 0x4059, 0x4089, 0x40b8, 0x40df, 0x40fb, 0x4105, 0x4100, 0x40f1, 0x40dc, 0x40c3,
    0x40aa, 0x4091, 0x407b, 0x406b, 0x4061, 0x405c, 0x4058, 0x4054, 0x4052, 0x4051, 0x4050, 0x404f, 0x404f, 0x404e,
    0x404e, 0x404d, 0x404c, 0x404a, 0x4048, 0x4044, 0x4040, 0x403a, 0x4034, 0x402d, 0x4025, 0x401d, 0x4015, 0x400c,
    0x4004, 0x3ffc, 0x3ff5, 0x3fef, 0x3fe9, 0x3fe5, 0x3fe3, 0x3fe2, 0x0009, 0xffdd, 0xff6a, 0xfec4, 0xfe00, 0xfd31,
    0xfc6c, 0xfbc6, 0xfb54, 0xfb29, 0xfb49, 0xfb9c, 0xfc16, 0xfca6, 0xfd3d, 0xfdce, 0xfe47, 0xfe9c, 0xfebb, 0xfeb8,
    0xfeaf, 0xfea1, 0xfe8e, 0xfe79, 0xfe60, 0xfe47, 0xfe2c, 0xfe11, 0xfdf7, 0xfddf, 0xfdc9, 0xfdb7, 0xfda9, 0xfda0,
    0xfd9d, 0xfda5, 0xfdbb, 0xfddd, 0xfe09, 0xfe3d, 0xfe77, 0xfeb4, 0xfef1, 0xff2e, 0xff67, 0xff9b, 0xffc8, 0xffea,
    0x0001, 0x0009, 0xbf50, 0xbf4b, 0xbf3e, 0xbf29, 0xbf11, 0xbef5, 0xbedb, 0xbec3, 0xbeb3, 0xbead, 0xbeb7, 0xbed3,
    0xbefb, 0xbf2a, 0xbf5b, 0xbf8a, 0xbfb0, 0xbfcb, 0xbfd5, 0xbfd5, 0xbfd5, 0xbfd5, 0xbfd5, 0xbfd5, 0xbfd5, 0xbfd4,
    0xbfd4, 0xbfd3, 0xbfd2, 0xbfd1, 0xbfd0, 0xbfce, 0xbfcd, 0xbfcb, 0xbfc9, 0xbfc6, 0xbfc0, 0xbfb9, 0xbfb0, 0xbfa5,
    0xbf9a, 0xbf8f, 0xbf83, 0xbf78, 0xbf6e, 0xbf64, 0xbf5c, 0xbf56, 0xbf52, 0xbf50, 0x01b9, 0x01c6, 0x01e9, 0x0219,
    0x0252, 0x028b, 0x02c0, 0x02eb, 0x0308, 0x0314, 0x0312, 0x030b, 0x02f4, 0x02c8, 0x0287, 0x0238, 0x01e8, 0x01a9,
    0x018e, 0x018f, 0x0197, 0x01a7, 0x01bb, 0x01d1, 0x01e8, 0x01fd, 0x020f, 0x021d, 0x0226, 0x022b, 0x022b, 0x0229,
    0x0224, 0x021d, 0x0217, 0x0211, 0x020a, 0x0202, 0x01fb, 0x01f3, 0x01eb, 0x01e3, 0x01db, 0x01d4, 0x01cd, 0x01c7,
    0x01c1, 0x01bd, 0x01ba, 0x01b9, 0x000b, 0x0000, 0xffe2, 0xffb7, 0xff82, 0xff48, 0xff10, 0xfedf, 0xfebc, 0xfeaf,
    0xfed7, 0xff43, 0xffe1, 0x009b, 0x0159, 0x0206, 0x0290, 0x02ea, 0x030a, 0x0303, 0x02ee, 0x02ce, 0x02a4, 0x0270,
    0x0235, 0x01f3, 0x01ad, 0x0165, 0x011d, 0x00d8, 0x0098, 0x005f, 0x0030, 0x000c, 0xfff4, 0xffe6, 0xffdd, 0xffd8,
    0xffd6, 0xffd7, 0xffdb, 0xffe0, 0xffe6, 0xffed, 0xfff4, 0xfffb, 0x0002, 0x0007, 0x000a, 0x000b, 0x09a3, 0x09e8,
    0x0aa2, 0x0baf, 0x0ced, 0x0e3c, 0x0f7a, 0x1086, 0x1140, 0x1187, 0x10b8, 0x0e81, 0x0b45, 0x0768, 0x0355, 0xff76,
    0xfc37, 0xf9fe, 0xf92a, 0xf972, 0xfa3d, 0xfb79, 0xfd15, 0xff00, 0x0126, 0x0374, 0x05d6, 0x0838, 0x0a86, 0x0cab,
    0x0e95, 0x1031, 0x116c, 0x1235, 0x127a, 0x125b, 0x1208, 0x118a, 0x10e8, 0x102b, 0x0f59, 0x0e7c, 0x0d9b, 0x0cbd,
    0x0bec, 0x0b2f, 0x0a8e, 0x0a11, 0x09c0, 0x09a3, 0xa561, 0xa5ab, 0xa61a, 0xa6a7, 0xa749, 0xa7f8, 0xa8ac, 0xa95b,
    0xa9fd, 0xaa8b, 0xaafb, 0xab46, 0xab63, 0xab4c, 0xab08, 0xaa9c, 0xaa11, 0xa96e, 0xa8bb, 0xa800, 0xa745, 0xa691,
    0xa5ec, 0xa560, 0xa4f1, 0xa49f, 0xa468, 0xa447, 0xa43a, 0xa43f, 0xa452, 0xa470, 0xa495, 0xa4c0, 0xa4ed, 0xa518,
    0xa540, 0xa560, 0xa576, 0xa584, 0xa58a, 0xa58a, 0xa585, 0xa57c, 0xa571, 0xa566, 0xa55a, 0xa551, 0xa54a, 0xa547,
    0x07c0, 0x07af, 0x0795, 0x0774, 0x074f, 0x0728, 0x0702, 0x06de, 0x06c0, 0x06aa, 0x069f, 0x06a2, 0x06b4, 0x06d9,
    0x070e, 0x0751, 0x079d, 0x07f2, 0x084a, 0x08a4, 0x08fd, 0x0952, 0x09a0, 0x09e6, 0x0a20, 0x0a50, 0x0a76, 0x0a92,
    0x0aa4, 0x0aae, 0x0aaf, 0x0aa8, 0x0a99, 0x0a83, 0x0a65, 0x0a41, 0x0a16, 0x09e6, 0x09b0, 0x0976, 0x093a, 0x08fd,
    0x08c2, 0x0889, 0x0854, 0x0825, 0x07fe, 0x07e0, 0x07cd, 0x07c6, 0x2610, 0x261e, 0x2633, 0x264c, 0x266a, 0x2689,
    0x26a8, 0x26c6, 0x26e1, 0x26f9, 0x270c, 0x2719, 0x2720, 0x271f, 0x2716, 0x2707, 0x26f1, 0x26d7, 0x26b8, 0x2697,
    0x2673, 0x2650, 0x262e, 0x2610, 0x25f8, 0x25e6, 0x25d9, 0x25d2, 0x25cf, 0x25d0, 0x25d4, 0x25db, 0x25e3, 0x25ed,
    0x25f7, 0x2601, 0x2609, 0x2610, 0x2615, 0x2618, 0x2619, 0x2619, 0x2618, 0x2616, 0x2613, 0x2611, 0x260f, 0x260d,
    0x260c, 0x260b, 0xefaf, 0xefb5, 0xefbe, 0xefc9, 0xefd4, 0xefde, 0xefe6, 0xefeb, 0xefec, 0xefe7, 0xefdc, 0xefc9,
    0xefad, 0xef87, 0xef59, 0xef23, 0xeee7, 0xeea7, 0xee65, 0xee21, 0xeddd, 0xed9c, 0xed5d, 0xed25, 0xecf3, 0xecc8,
    0xeca4, 0xec88, 0xec73, 0xec66, 0xec61, 0xec65, 0xec70, 0xec83, 0xec9f, 0xecc3, 0xecf0, 0xed25, 0xed62, 0xeda5,
    0xedeb, 0xee34, 0xee7b, 0xeec0, 0xef00, 0xef39, 0xef68, 0xef8d, 0xefa4, 0xefad, 0xe5ec, 0xe5ef, 0xe5f3, 0xe5f9,
    0xe5fe, 0xe603, 0xe607, 0xe60a, 0xe60a, 0xe608, 0xe602, 0xe5f9, 0xe5eb, 0xe5d8, 0xe5c1, 0xe5a7, 0xe58a, 0xe56c,
    0xe54d, 0xe52d, 0xe50f, 0xe4f1, 0xe4d6, 0xe4bd, 0xe4a7, 0xe494, 0xe485, 0xe479, 0xe471, 0xe46b, 0xe469, 0xe46b,
    0xe46f, 0xe478, 0xe483, 0xe493, 0xe4a6, 0xe4bd, 0xe4d7, 0xe4f5, 0xe515, 0xe536, 0xe557, 0xe578, 0xe596, 0xe5b2,
    0xe5c9, 0xe5db, 0xe5e7, 0xe5eb, 0xe78f, 0xe78a, 0xe783, 0xe77b, 0xe773, 0xe76b, 0xe765, 0xe761, 0xe760, 0xe764,
    0xe76d, 0xe77b, 0xe791, 0xe7ae, 0xe7d2, 0xe7fc, 0xe82a, 0xe85c, 0xe890, 0xe8c5, 0xe8fb, 0xe92e, 0xe95f, 0xe98c,
    0xe9b3, 0xe9d5, 0xe9f2, 0xea08, 0xea18, 0xea22, 0xea26, 0xea24, 0xea1b, 0xea0b, 0xe9f5, 0xe9d9, 0xe9b6, 0xe98c,
    0xe95c, 0xe927, 0xe8ef, 0xe8b7, 0xe87f, 0xe849, 0xe817, 0xe7eb, 0xe7c6, 0xe7aa, 0xe797, 0xe791, 0xf9be, 0xf98d,
    0xf943, 0xf8e6, 0xf87c, 0xf80b, 0xf79a, 0xf72f, 0xf6cf, 0xf681, 0xf64a, 0xf631, 0xf63b, 0xf66d, 0xf6c3, 0xf737,
    0xf7c2, 0xf85f, 0xf908, 0xf9b7, 0xfa66, 0xfb0f, 0xfbab, 0xfc33, 0xfca4, 0xfcfd, 0xfd3f, 0xfd6d, 0xfd88, 0xfd91,
    0xfd8a, 0xfd76, 0xfd55, 0xfd2a, 0xfcf5, 0xfcb9, 0xfc78, 0xfc33, 0xfbec, 0xfba4, 0xfb5d, 0xfb18, 0xfad5, 0xfa98,
    0xfa60, 0xfa30, 0xfa08, 0xf9ea, 0xf9d6, 0xf9d0, 0x05e7, 0x060a, 0x0640, 0x0685, 0x06d3, 0x0726, 0x077a, 0x07cb,
    0x0813, 0x084e, 0x0877, 0x0889, 0x0880, 0x0858, 0x0814, 0x07ba, 0x074f, 0x06d7, 0x0658, 0x05d5, 0x0555, 0x04db,
    0x046c, 0x040b, 0x03bc, 0x037e, 0x0350, 0x0330, 0x031e, 0x0317, 0x031b, 0x0328, 0x033f, 0x035d, 0x0381, 0x03ab,
    0x03d9, 0x040b, 0x043f, 0x0474, 0x04a9, 0x04dd, 0x0510, 0x053f, 0x056a, 0x058f, 0x05ae, 0x05c6, 0x05d5, 0x05da,
    0x406b, 0x4080, 0x40a1, 0x40c9, 0x40f6, 0x4126, 0x4155, 0x4181, 0x41a8, 0x41c8, 0x41de, 0x41e9, 0x41e7, 0x41d5,
    0x41b5, 0x4189, 0x4152, 0x4113, 0x40cd, 0x4082, 0x4036, 0x3feb, 0x3fa5, 0x3f66, 0x3f31, 0x3f08, 0x3ee8, 0x3ed3,
    0x3ec6, 0x3ec2, 0x3ec6, 0x3ed0, 0x3ee0, 0x3ef5, 0x3f0d, 0x3f29, 0x3f47, 0x3f66, 0x3f85, 0x3fa4, 0x3fc3, 0x3fe0,
    0x3ffb, 0x4014, 0x402a, 0x403d, 0x404d, 0x4059, 0x4060, 0x4063, 0x03c5, 0x03c6, 0x03c7, 0x03c8, 0x03c9, 0x03c9,
    0x03ca, 0x03cb, 0x03cb, 0x03ca, 0x03c9, 0x03c8, 0x03c5, 0x03c1, 0x03bd, 0x03b7, 0x03b0, 0x03a7, 0x039e, 0x0394,
    0x038a, 0x037f, 0x0374, 0x036a, 0x0360, 0x0358, 0x0350, 0x034b, 0x0346, 0x0344, 0x0342, 0x0343, 0x0346, 0x034a,
    0x034f, 0x0357, 0x0360, 0x036a, 0x0375, 0x0380, 0x038c, 0x0397, 0x03a1, 0x03ab, 0x03b3, 0x03b9, 0x03be, 0x03c2,
    0x03c4, 0x03c5, 0xf991, 0xf99d, 0xf9af, 0xf9c4, 0xf9d9, 0xf9ed, 0xf9fd, 0xfa07, 0xfa08, 0xf9ff, 0xf9e9, 0xf9c4,
    0xf98d, 0xf943, 0xf8e8, 0xf87f, 0xf80c, 0xf791, 0xf711, 0xf690, 0xf610, 0xf594, 0xf520, 0xf4b6, 0xf459, 0xf409,
    0xf3c8, 0xf394, 0xf36e, 0xf357, 0xf34e, 0xf354, 0xf369, 0xf38c, 0xf3bf, 0xf402, 0xf454, 0xf4b6, 0xf527, 0xf5a5,
    0xf62b, 0xf6b4, 0xf73c, 0xf7c1, 0xf83c, 0xf8aa, 0xf907, 0xf94e, 0xf97c, 0xf98d, 0xa9ec, 0xa9e7, 0xa9e0, 0xa9d8,
    0xa9cf, 0xa9c7, 0xa9c0, 0xa9bc, 0xa9bc, 0xa9c0, 0xa9c8, 0xa9d8, 0xa9ee, 0xaa0c, 0xaa30, 0xaa5b, 0xaa8a, 0xaabd,
    0xaaf1, 0xab27, 0xab5c, 0xab90, 0xabc1, 0xabee, 0xac16, 0xac38, 0xac54, 0xac6a, 0xac7b, 0xac85, 0xac89, 0xac86,
    0xac7d, 0xac6e, 0xac58, 0xac3b, 0xac18, 0xabee, 0xabbe, 0xab89, 0xab51, 0xab18, 0xaadf, 0xaaa9, 0xaa77, 0xaa4a,
    0xaa24, 0xaa07, 0xa9f4, 0xa9ee, 0x5ccd, 0x5c77, 0x5bf4, 0x5b4e, 0x5a90, 0x59c3, 0x58f3, 0x5828, 0x576b, 0x56c6,
    0x5642, 0x55e8, 0x55c1, 0x55d3, 0x561a, 0x568d, 0x5726, 0x57dc, 0x58a8, 0x5980, 0x5a5b, 0x5b31, 0x5bf7, 0x5ca3,
    0x5d2b, 0x5d90, 0x5dd5, 0x5dfd, 0x5e0c, 0x5e06, 0x5dee, 0x5dc8, 0x5d98, 0x5d62, 0x5d2b, 0x5cf6, 0x5cc7, 0x5ca3,
    0x5c8b, 0x5c7f, 0x5c7d, 0x5c82, 0x5c8d, 0x5c9d, 0x5cae, 0x5cc0, 0x5cd1, 0x5cdf, 0x5ce8, 0x5cec, 0xeba4, 0xebbd,
    0xebe2, 0xec11, 0xec46, 0xec7e, 0xecb5, 0xece7, 0xed10, 0xed2b, 0xed34, 0xed25, 0xecfb, 0xecb1, 0xec4c, 0xebcf,
    0xeb42, 0xeaa8, 0xea08, 0xe966, 0xe8c7, 0xe830, 0xe7a4, 0xe728, 0xe6bf, 0xe667, 0xe621, 0xe5ec, 0xe5c8, 0xe5b3,
    0xe5ad, 0xe5b7, 0xe5d1, 0xe5f9, 0xe630, 0xe675, 0xe6c8, 0xe728, 0xe795, 0xe80c, 0xe888, 0xe907, 0xe984, 0xe9fd,
    0xea6c, 0xead0, 0xeb23, 0xeb64, 0xeb8d, 0xeb9b, 0x267a, 0x26a3, 0x26e2, 0x2730, 0x2789, 0x27e7, 0x2847, 0x28a4,
    0x28fa, 0x2945, 0x2982, 0x29ad, 0x29c2, 0x29bf, 0x29a5, 0x2977, 0x2937, 0x28e7, 0x288a, 0x2825, 0x27ba, 0x2750,
    0x26eb, 0x2692, 0x264a, 0x2613, 0x25ee, 0x25d7, 0x25cf, 0x25d2, 0x25df, 0x25f4, 0x260e, 0x262b, 0x2649, 0x2666,
    0x267f, 0x2692, 0x269e, 0x26a4, 0x26a4, 0x26a1, 0x269b, 0x2693, 0x268a, 0x2681, 0x2678, 0x2671, 0x266d, 0x266b,
    0x145d, 0x1467, 0x1474, 0x1485, 0x1495, 0x14a5, 0x14b2, 0x14b9, 0x14bb, 0x14b3, 0x14a2, 0x1485, 0x1459, 0x141f,
    0x13d8, 0x1387, 0x132d, 0x12cd, 0x126a, 0x1206, 0x11a4, 0x1145, 0x10ec, 0x109b, 0x1054, 0x1018, 0x0fe6, 0x0fbf,
    0x0fa2, 0x0f91, 0x0f8a, 0x0f8e, 0x0f9e, 0x0fb9, 0x0fdf, 0x1012, 0x1050, 0x109b, 0x10f1, 0x1152, 0x11b8, 0x1222,
    0x128c, 0x12f2, 0x1352, 0x13a8, 0x13f0, 0x1429, 0x144d, 0x1459, 0x1546, 0x1548, 0x154a, 0x154d, 0x1550, 0x1553,
    0x1555, 0x1557, 0x1557, 0x1555, 0x1552, 0x154d, 0x1545, 0x153a, 0x152d, 0x151c, 0x150a, 0x14f5, 0x14df, 0x14c8,
    0x14b1, 0x1499, 0x1482, 0x146d, 0x145a, 0x1449, 0x143c, 0x1430, 0x1428, 0x1423, 0x1421, 0x1422, 0x1427, 0x142f,
    0x143a, 0x1448, 0x1459, 0x146d, 0x1484, 0x149c, 0x14b6, 0x14cf, 0x14e7, 0x14fd, 0x1512, 0x1523, 0x1531, 0x153c,
    0x1543, 0x1545, 0xe96d, 0xe975, 0xe982, 0xe991, 0xe9a1, 0xe9af, 0xe9bb, 0xe9c2, 0xe9c3, 0xe9bc, 0xe9ac, 0xe991,
    0xe969, 0xe934, 0xe8f2, 0xe8a7, 0xe854, 0xe7fc, 0xe7a1, 0xe745, 0xe6ea, 0xe692, 0xe641, 0xe5f6, 0xe5b5, 0xe57e,
    0xe550, 0xe52c, 0xe512, 0xe502, 0xe4fc, 0xe500, 0xe50e, 0xe527, 0xe54a, 0xe578, 0xe5b2, 0xe5f6, 0xe646, 0xe69e,
    0xe6fd, 0xe75e, 0xe7bf, 0xe81e, 0xe876, 0xe8c5, 0xe908, 0xe93c, 0xe95d, 0xe969, 0x06f6, 0x0732, 0x078d, 0x0800,
    0x0883, 0x090e, 0x099c, 0x0a24, 0x0aa2, 0x0b0e, 0x0b62, 0x0b9a, 0x0baf, 0x0b9c, 0x0b66, 0x0b12, 0x0aa5, 0x0a26,
    0x0998, 0x0903, 0x086c, 0x07da, 0x0754, 0x06e1, 0x0685, 0x0641, 0x0612, 0x05f7, 0x05ec, 0x05f0, 0x05ff, 0x0617,
    0x0637, 0x065a, 0x067f, 0x06a4, 0x06c5, 0x06e1, 0x06f5, 0x0702, 0x0709, 0x070b, 0x0709, 0x0705, 0x06fe, 0x06f6,
    0x06ee, 0x06e7, 0x06e2, 0x06e1, 0x0515, 0x04ed, 0x04ae, 0x045d, 0x03ff, 0x0397, 0x032b, 0x02bf, 0x025a, 0x0200,
    0x01b9, 0x0189, 0x0177, 0x0187, 0x01b6, 0x01fd, 0x0257, 0x02be, 0x032d, 0x039f, 0x040f, 0x0478, 0x04d5, 0x0524,
    0x0560, 0x058d, 0x05ab, 0x05bc, 0x05c3, 0x05c1, 0x05b7, 0x05a8, 0x0594, 0x057d, 0x0564, 0x054c, 0x0536, 0x0524,
    0x0516, 0x050d, 0x0508, 0x0507, 0x0508, 0x050c, 0x0510, 0x0515, 0x051b, 0x051f, 0x0522, 0x0524, 0x3ad7, 0x3b14,
    0x3b70, 0x3be4, 0x3c68, 0x3cf5, 0x3d84, 0x3e0e, 0x3e8d, 0x3efb, 0x3f51, 0x3f89, 0x3f9e, 0x3f8b, 0x3f54, 0x3eff,
    0x3e91, 0x3e10, 0x3d81, 0x3cea, 0x3c51, 0x3bbe, 0x3b36, 0x3ac1, 0x3a65, 0x3a20, 0x39f1, 0x39d5, 0x39ca, 0x39ce,
    0x39dd, 0x39f6, 0x3a15, 0x3a39, 0x3a5f, 0x3a84, 0x3aa5, 0x3ac1, 0x3ad6, 0x3ae3, 0x3aea, 0x3aec, 0x3aea, 0x3ae6,
    0x3adf, 0x3ad7, 0x3acf, 0x3ac8, 0x3ac3, 0x3ac1, 0xfd23, 0xfd22, 0xfd21, 0xfd21, 0xfd20, 0xfd1f, 0xfd1f, 0xfd1e,
    0xfd1e, 0xfd1f, 0xfd1f, 0xfd21, 0xfd23, 0xfd26, 0xfd2a, 0xfd30, 0xfd38, 0xfd41, 0xfd4c, 0xfd59, 0xfd66, 0xfd75,
    0xfd83, 0xfd92, 0xfd9f, 0xfdab, 0xfdb6, 0xfdbe, 0xfdc5, 0xfdc9, 0xfdca, 0xfdc9, 0xfdc6, 0xfdc0, 0xfdb7, 0xfdad,
    0xfda0, 0xfd92, 0xfd82, 0xfd73, 0xfd63, 0xfd55, 0xfd48, 0xfd3e, 0xfd35, 0xfd2e, 0xfd29, 0xfd25, 0xfd23, 0xfd23,
    0x084f, 0x0845, 0x0837, 0x0826, 0x0815, 0x0805, 0x07f8, 0x07f0, 0x07ef, 0x07f6, 0x0808, 0x0826, 0x0853, 0x088e,
    0x08d8, 0x092c, 0x0989, 0x09ed, 0x0a54, 0x0abc, 0x0b23, 0x0b87, 0x0be4, 0x0c39, 0x0c83, 0x0cc3, 0x0cf7, 0x0d21,
    0x0d3f, 0x0d51, 0x0d58, 0x0d54, 0x0d43, 0x0d27, 0x0cfe, 0x0cc9, 0x0c87, 0x0c39, 0x0bde, 0x0b79, 0x0b0e, 0x0a9f,
    0x0a31, 0x09c6, 0x0963, 0x090a, 0x08bf, 0x0885, 0x0860, 0x0853, 0xaa76, 0xaa6a, 0xaa59, 0xaa44, 0xaa30, 0xaa1c,
    0xaa0d, 0xaa03, 0xaa01, 0xaa0a, 0xaa20, 0xaa44, 0xaa7a, 0xaac2, 0xab1b, 0xab82, 0xabf3, 0xac6d, 0xaceb, 0xad6c,
    0xadec, 0xae68, 0xaedd, 0xaf48, 0xafa7, 0xaff8, 0xb03b, 0xb070, 0xb096, 0xb0ae, 0xb0b8, 0xb0b2, 0xb09c, 0xb078,
    0xb044, 0xb000, 0xafac, 0xaf48, 0xaed6, 0xae57, 0xadd1, 0xad48, 0xacc1, 0xac3e, 0xabc4, 0xab58, 0xaafd, 0xaab7,
    0xaa8a, 0xaa7a, 0xd03c, 0xd06a, 0xd0af, 0xd107, 0xd16c, 0xd1da, 0xd24c, 0xd2bb, 0xd323, 0xd37e, 0xd3c8, 0xd3fa,
    0xd410, 0xd407, 0xd3e4, 0xd3b2, 0xd378, 0xd340, 0xd313, 0xd2f8, 0xd2f9, 0xd31f, 0xd372, 0xd3fb, 0xd4c0, 0xd5b8,
    0xd6d6, 0xd80f, 0xd956, 0xda9e, 0xdbdb, 0xdd01, 0xde03, 0xded5, 0xdf6b, 0xdfba, 0xdfb3, 0xdf4d, 0xde7e, 0xdd57,
    0xdbea, 0xda4c, 0xd892, 0xd6d1, 0xd51d, 0xd38b, 0xd22f, 0xd11e, 0xd06c, 0xd02c, 0xff08, 0xff1b, 0xff38, 0xff5c,
    0xff85, 0xffb2, 0xffe0, 0x000d, 0x0036, 0x0059, 0x0075, 0x0088, 0x008f, 0x008a, 0x007a, 0x0061, 0x0041, 0x001d,
    0xfff6, 0xffd0, 0xffac, 0xff8d, 0xff75, 0xff67, 0xff64, 0xff6b, 0xff7a, 0xff90, 0xffaa, 0xffc8, 0xffe7, 0x0006,
    0x0023, 0x003c, 0x0050, 0x005e, 0x0065, 0x0062, 0x0056, 0x0040, 0x0023, 0xfffe, 0xffd6, 0xffac, 0xff82, 0xff5a,
    0xff36, 0xff1a, 0xff08, 0xff01, 0xfb42, 0xfb4e, 0xfb60, 0xfb76, 0xfb92, 0xfbaf, 0xfbcf, 0xfbef, 0xfc0e, 0xfc2a,
    0xfc41, 0xfc53, 0xfc5e, 0xfc60, 0xfc5b, 0xfc50, 0xfc40, 0xfc2c, 0xfc17, 0xfc01, 0xfbeb, 0xfbd6, 0xfbc4, 0xfbb6,
    0xfbac, 0xfba7, 0xfba5, 0xfba8, 0xfbae, 0xfbb7, 0xfbc2, 0xfbce, 0xfbdb, 0xfbe6, 0xfbef, 0xfbf4, 0xfbf5, 0xfbef,
    0xfbe3, 0xfbd2, 0xfbbd, 0xfba7, 0xfb91, 0xfb7c, 0xfb69, 0xfb5a, 0xfb4e, 0xfb45, 0xfb40, 0xfb3e, 0x2f09, 0x2efe,
    0x2eee, 0x2edc, 0x2eca, 0x2eb9, 0x2eab, 0x2ea3, 0x2ea2, 0x2ea9, 0x2ebc, 0x2edc, 0x2f0d, 0x2f52, 0x2fa9, 0x3012,
    0x3089, 0x310a, 0x318f, 0x3214, 0x328f, 0x32fb, 0x334e, 0x3382, 0x3391, 0x337f, 0x334f, 0x3308, 0x32af, 0x324b,
    0x31df, 0x3172, 0x3107, 0x30a2, 0x3046, 0x2ff4, 0x2faf, 0x2f76, 0x2f4b, 0x2f2b, 0x2f14, 0x2f05, 0x2efc, 0x2ef9,
    0x2ef9, 0x2efc, 0x2f01, 0x2f07, 0x2f0b, 0x2f0d, 0xfd8a, 0xfd9d, 0xfdb8, 0xfdd8, 0xfdf9, 0xfe18, 0xfe31, 0xfe40,
    0xfe43, 0xfe34, 0xfe12, 0xfdd8, 0xfd83, 0xfd13, 0xfc8e, 0xfbfc, 0xfb66, 0xfad2, 0xfa49, 0xf9cf, 0xf96a, 0xf91e,
    0xf8ee, 0xf8de, 0xf8ef, 0xf91d, 0xf966, 0xf9c5, 0xfa37, 0xfab9, 0xfb46, 0xfbdc, 0xfc74, 0xfd0a, 0xfd97, 0xfe16,
    0xfe80, 0xfece, 0xfefd, 0xff0e, 0xff06, 0xfeea, 0xfebf, 0xfe89, 0xfe4e, 0xfe12, 0xfddb, 0xfdae, 0xfd8f, 0xfd83,
    0x03e2, 0x0412, 0x0458, 0x04a9, 0x04fd, 0x054c, 0x058b, 0x05b2, 0x05b8, 0x0594, 0x053d, 0x04a9, 0x03cf, 0x02aa,
    0x0144, 0xffac, 0xfdf6, 0xfc30, 0xfa6e, 0xf8c0, 0xf739, 0xf5ec, 0xf4eb, 0xf448, 0xf410, 0xf43a, 0xf4bb, 0xf585,
    0xf68c, 0xf7c2, 0xf91c, 0xfa8d, 0xfc07, 0xfd7f, 0xfee8, 0x0039, 0x0164, 0x025e, 0x031f, 0x03ad, 0x040d, 0x0447,
    0x0461, 0x0463, 0x0451, 0x0435, 0x0412, 0x03f2, 0x03d9, 0x03cf, 0xff39, 0xff34, 0xff25, 0xff0c, 0xfeea, 0xfec1,
    0xfe90, 0xfe59, 0xfe1e, 0xfde1, 0xfda4, 0xfd6a, 0xfd37, 0xfd0d, 0xfcef, 0xfce0, 0xfce1, 0xfcef, 0xfd07, 0xfd25,
    0xfd46, 0xfd67, 0xfd84, 0xfd9d, 0xfdb1, 0xfdc0, 0xfdcc, 0xfdd4, 0xfddc, 0xfde5, 0xfdf1, 0xfe00, 0xfe13, 0xfe29,
    0xfe41, 0xfe5b, 0xfe77, 0xfe92, 0xfead, 0xfec7, 0xfede, 0xfef3, 0xff06, 0xff15, 0xff21, 0xff2b, 0xff31, 0xff36,
    0xff39, 0xff39, 0xfc9e, 0xfcb8, 0xfcff, 0xfd6d, 0xfdfb, 0xfea1, 0xff58, 0x001a, 0x00dd, 0x019b, 0x024f, 0x02f0,
    0x0379, 0x03e2, 0x0426, 0x043e, 0x0424, 0x03dd, 0x036d, 0x02dc, 0x022e, 0x016a, 0x0096, 0xffb8, 0xfeda, 0xfe00,
    0xfd32, 0xfc75, 0xfbd2, 0xfb4b, 0xfae2, 0xfa92, 0xfa5a, 0xfa38, 0xfa2a, 0xfa2d, 0xfa40, 0xfa5f, 0xfa8b, 0xfabe,
    0xfaf9, 0xfb37, 0xfb78, 0xfbb7, 0xfbf4, 0xfc2b, 0xfc5a, 0xfc7e, 0xfc96, 0xfc9e, 0xd1f9, 0xd1e5, 0xd1ad, 0xd158,
    0xd0ec, 0xd071, 0xcfed, 0xcf67, 0xcee5, 0xce6e, 0xce0b, 0xcdc1, 0xcd99, 0xcd9a, 0xcdcc, 0xce36, 0xcede, 0xcfbc,
    0xd0c7, 0xd1f4, 0xd339, 0xd48d, 0xd5e5, 0xd738, 0xd87b, 0xd9a6, 0xdaaf, 0xdb8c, 0xdc34, 0xdca0, 0xdcd4, 0xdcd4,
    0xdca6, 0xdc4e, 0xdbd3, 0xdb3a, 0xda87, 0xd9c1, 0xd8ec, 0xd80e, 0xd72d, 0xd64d, 0xd573, 0xd4a6, 0xd3ea, 0xd345,
    0xd2bc, 0xd253, 0xd210, 0xd1f9, 0xafe8, 0xb059, 0xb106, 0xb1e2, 0xb2e0, 0xb3f2, 0xb50c, 0xb621, 0xb721, 0xb801,
    0xb8b3, 0xb928, 0xb954, 0xb92c, 0xb8ba, 0xb80a, 0xb729, 0xb623, 0xb505, 0xb3dc, 0xb2b4, 0xb19a, 0xb099, 0xafbf,
    0xaf13, 0xae95, 0xae3f, 0xae0c, 0xadf8, 0xadfe, 0xae1a, 0xae48, 0xae82, 0xaec3, 0xaf09, 0xaf4d, 0xaf8b, 0xafbf,
    0xafe5, 0xaffe, 0xb00b, 0xb00f, 0xb00c, 0xb003, 0xaff6, 0xafe7, 0xafd8, 0xafcb, 0xafc2, 0xafbf, 0x015a, 0x018c,
    0x01d8, 0x0238, 0x02a7, 0x031d, 0x0395, 0x040a, 0x0475, 0x04d1, 0x051a, 0x0549, 0x055b, 0x054b, 0x051d, 0x04d5,
    0x0478, 0x040b, 0x0392, 0x0313, 0x0294, 0x0219, 0x01a8, 0x0148, 0x00fc, 0x00c4, 0x009e, 0x0087, 0x007e, 0x0081,
    0x008e, 0x00a2, 0x00bb, 0x00d9, 0x00f7, 0x0116, 0x0131, 0x0148, 0x0159, 0x0164, 0x016a, 0x016c, 0x016a, 0x0166,
    0x0160, 0x015a, 0x0153, 0x014e, 0x014a, 0x0148, 0x139b, 0x13a4, 0x13b3, 0x13c8, 0x13e3, 0x1403, 0x1427, 0x144d,
    0x1473, 0x1497, 0x14b4, 0x14c8, 0x14d0, 0x14c9, 0x14b5, 0x1498, 0x1474, 0x144d, 0x1426, 0x1400, 0x13de, 0x13c1,
    0x13a9, 0x1397, 0x138b, 0x1382, 0x137d, 0x137a, 0x1379, 0x1379, 0x137b, 0x137d, 0x1381, 0x1385, 0x138a, 0x138f,
    0x1393, 0x1397, 0x139a, 0x139c, 0x139d, 0x139e, 0x139d, 0x139d, 0x139c, 0x139a, 0x1399, 0x1398, 0x1398, 0x1397,
    0xea11, 0xe9bc, 0xe93a, 0xe894, 0xe7d4, 0xe701, 0xe627, 0xe54e, 0xe47f, 0xe3c3, 0xe325, 0xe2ac, 0xe263, 0xe24f,
    0xe26f, 0xe2bd, 0xe333, 0xe3cd, 0xe484, 0xe555, 0xe638, 0xe72a, 0xe824, 0xe921, 0xea1b, 0xeb0d, 0xebf2, 0xecc4,
    0xed7d, 0xee19, 0xee92, 0xeee4, 0xef12, 0xef1f, 0xef0f, 0xeee5, 0xeea6, 0xee55, 0xedf5, 0xed8a, 0xed18, 0xeca3,
    0xec2e, 0xebbc, 0xeb52, 0xeaf3, 0xeaa3, 0xea65, 0xea3d, 0xea2f, 0xf922, 0xf917, 0xf904, 0xf8ec, 0xf8d0, 0xf8b1,
    0xf88f, 0xf86d, 0xf84c, 0xf82e, 0xf814, 0xf800, 0xf7f4, 0xf7f0, 0xf7f5, 0xf802, 0xf815, 0xf82c, 0xf848, 0xf867,
    0xf887, 0xf8a9, 0xf8ca, 0xf8ea, 0xf909, 0xf926, 0xf940, 0xf957, 0xf96b, 0xf97c, 0xf989, 0xf993, 0xf999, 0xf99c,
    0xf99d, 0xf99c, 0xf998, 0xf992, 0xf98b, 0xf982, 0xf977, 0xf96c, 0xf960, 0xf954, 0xf949, 0xf93e, 0xf934, 0xf92d,
    0xf928, 0xf927, 0xf4f9, 0xf4ea, 0xf4d4, 0xf4b8, 0xf499, 0xf478, 0xf458, 0xf439, 0xf41e, 0xf408, 0xf3f8, 0xf3f0,
    0xf3f1, 0xf3fc, 0xf410, 0xf42c, 0xf44f, 0xf479, 0xf4a8, 0xf4db, 0xf512, 0xf54b, 0xf585, 0xf5bf, 0xf5f8, 0xf62f,
    0xf661, 0xf68e, 0xf6b4, 0xf6d1, 0xf6e5, 0xf6ee, 0xf6ee, 0xf6e4, 0xf6d2, 0xf6b9, 0xf69a, 0xf677, 0xf650, 0xf627,
    0xf5fd, 0xf5d3, 0xf5aa, 0xf582, 0xf55e, 0xf53e, 0xf524, 0xf50f, 0xf503, 0xf4fe, 0x1dd5, 0x1e42, 0x1eeb, 0x1fc8,
    0x20cd, 0x21f3, 0x232d, 0x2474, 0x25bb, 0x26f8, 0x2822, 0x292c, 0x2a0d, 0x2abb, 0x2b38, 0x2b86, 0x2bab, 0x2ba8,
    0x2b82, 0x2b3c, 0x2ad9, 0x2a5f, 0x29cf, 0x292e, 0x287f, 0x27c6, 0x2706, 0x2643, 0x2581, 0x24c2, 0x240b, 0x235e,
    0x22bc, 0x2224, 0x2196, 0x2112, 0x2098, 0x2027, 0x1fc1, 0x1f63, 0x1f0f, 0x1ec4, 0x1e82, 0x1e4a, 0x1e1a, 0x1df3,
    0x1dd5, 0x1dbf, 0x1db3, 0x1dae, 0xff0d, 0xff43, 0xff96, 0x0002, 0x007f, 0x010a, 0x019c, 0x0231, 0x02c3, 0x034e,
    0x03cf, 0x0440, 0x049f, 0x04e9, 0x0520, 0x0546, 0x055c, 0x0563, 0x055d, 0x054a, 0x052c, 0x0504, 0x04d2, 0x0498,
    0x0456, 0x040e, 0x03c1, 0x0370, 0x031c, 0x02c8, 0x0274, 0x0222, 0x01d3, 0x0187, 0x013e, 0x00f8, 0x00b6, 0x0078,
    0x003e, 0x0008, 0xffd6, 0xffa9, 0xff81, 0xff5e, 0xff40, 0xff27, 0xff14, 0xff06, 0xfefd, 0xfefa, 0xeef3, 0xef09,
    0xef2c, 0xef5c, 0xef97, 0xefdc, 0xf02b, 0xf080, 0xf0d9, 0xf133, 0xf18a, 0xf1d9, 0xf21d, 0xf251, 0xf275, 0xf289,
    0xf28f, 0xf287, 0xf273, 0xf254, 0xf22b, 0xf1fb, 0xf1c5, 0xf18a, 0xf14d, 0xf10e, 0xf0cf, 0xf091, 0xf057, 0xf020,
    0xefee, 0xefc2, 0xef9b, 0xef79, 0xef5c, 0xef44, 0xef2f, 0xef1e, 0xef10, 0xef05, 0xeefc, 0xeef6, 0xeef1, 0xeeee,
    0xeeec, 0xeeeb, 0xeeeb, 0xeeeb, 0xeeeb, 0xeeeb, 0x01f0, 0x01d0, 0x01a0, 0x0162, 0x011b, 0x00cf, 0x0081, 0x0034,
    0xffe9, 0xffa4, 0xff66, 0xff30, 0xff03, 0xfedf, 0xfec4, 0xfeaf, 0xfea1, 0xfe98, 0xfe94, 0xfe94, 0xfe99, 0xfea1,
    0xfead, 0xfebc, 0xfecf, 0xfee5, 0xfeff, 0xff1b, 0xff3a, 0xff5c, 0xff80, 0xffa6, 0xffce, 0xfff7, 0x0022, 0x004d,
    0x0079, 0x00a5, 0x00d0, 0x00fb, 0x0124, 0x014b, 0x0170, 0x0192, 0x01b0, 0x01ca, 0x01df, 0x01ef, 0x01f8, 0x01fc,
    0xffcd, 0xff35, 0xfe47, 0xfd11, 0xfb9f, 0xf9fe, 0xf83d, 0xf669, 0xf491, 0xf2c4, 0xf110, 0xef82, 0xee2a, 0xed12,
    0xec37, 0xeb98, 0xeb2e, 0xeaf7, 0xeaee, 0xeb10, 0xeb58, 0xebc5, 0xec50, 0xecf8, 0xedb9, 0xee8e, 0xef75, 0xf069,
    0xf168, 0xf26c, 0xf372, 0xf478, 0xf57b, 0xf679, 0xf772, 0xf865, 0xf94f, 0xfa2f, 0xfb05, 0xfbce, 0xfc8b, 0xfd38,
    0xfdd6, 0xfe62, 0xfedd, 0xff43, 0xff95, 0xffd2, 0xfff7, 0x0004, 0xff8d, 0xff66, 0xff29, 0xfedb, 0xfe80, 0xfe1c,
    0xfdb3, 0xfd47, 0xfcdd, 0xfc76, 0xfc15, 0xfbbd, 0xfb6f, 0xfb2d, 0xfaf8, 0xface, 0xfaae, 0xfa98, 0xfa8b, 0xfa87,
    0xfa8c, 0xfa97, 0xfaaa, 0xfac3, 0xfae2, 0xfb07, 0xfb31, 0xfb5f, 0xfb92, 0xfbc8, 0xfc01, 0xfc3c, 0xfc7a, 0xfcb9,
    0xfcf9, 0xfd3a, 0xfd7a, 0xfdba, 0xfdf9, 0xfe36, 0xfe70, 0xfea7, 0xfedb, 0xff0a, 0xff33, 0xff57, 0xff74, 0xff89,
    0xff97, 0xff9b, 0x5192, 0x50dd, 0x4fc9, 0x4e68, 0x4ccf, 0x4b12, 0x4946, 0x4783, 0x45de, 0x446d, 0x4349, 0x4288,
    0x4240, 0x4281, 0x433d, 0x445f, 0x45d1, 0x477f, 0x4952, 0x4b36, 0x4d15, 0x4edb, 0x5076, 0x51d2, 0x52e2, 0x53aa,
    0x5431, 0x5481, 0x54a0, 0x5496, 0x546a, 0x5423, 0x53c8, 0x5360, 0x52f3, 0x5287, 0x5225, 0x51d2, 0x5196, 0x516e,
    0x5159, 0x5153, 0x5158, 0x5166, 0x517b, 0x5192, 0x51aa, 0x51be, 0x51cd, 0x51d2, 0xf939, 0xf8f6, 0xf892, 0xf815,
    0xf788, 0xf6f4, 0xf660, 0xf5d5, 0xf559, 0xf4f1, 0xf4a2, 0xf46f, 0xf45c, 0xf46d, 0xf49e, 0xf4ed, 0xf556, 0xf5d4,
    0xf664, 0xf700, 0xf7a0, 0xf83e, 0xf8d1, 0xf951, 0xf9b6, 0xfa02, 0xfa36, 0xfa55, 0xfa61, 0xfa5d, 0xfa4c, 0xfa30,
    0xfa0e, 0xf9e6, 0xf9bd, 0xf994, 0xf96f, 0xf951, 0xf93a, 0xf92c, 0xf924, 0xf921, 0xf923, 0xf929, 0xf930, 0xf939,
    0xf942, 0xf949, 0xf94f, 0xf951, 0x1218, 0x123b, 0x1273, 0x12be, 0x131a, 0x1384, 0x13f7, 0x146f, 0x14e4, 0x154d,
    0x15a4, 0x15de, 0x15f4, 0x15e0, 0x15a7, 0x1552, 0x14e7, 0x1470, 0x13f4, 0x137b, 0x130a, 0x12a5, 0x1250, 0x120c,
    0x11da, 0x11b7, 0x11a0, 0x1193, 0x118e, 0x118f, 0x1197, 0x11a2, 0x11b2, 0x11c4, 0x11d7, 0x11ea, 0x11fd, 0x120c,
    0x1217, 0x121f, 0x1223, 0x1224, 0x1223, 0x1220, 0x121d, 0x1218, 0x1214, 0x1210, 0x120d, 0x120c, 0x0f53, 0x1028,
    0x116e, 0x130b, 0x14e7, 0x16e7, 0x18f2, 0x1aeb, 0x1cba, 0x1e44, 0x1f72, 0x202c, 0x205a, 0x1fed, 0x1ef7, 0x1d8f,
    0x1bce, 0x19ce, 0x17a9, 0x1578, 0x1358, 0x1163, 0x0fb2, 0x0e60, 0x0d7d, 0x0d03, 0x0ce3, 0x0d10, 0x0d7c, 0x0e1b,
    0x0edf, 0x0fbc, 0x10a3, 0x1189, 0x1260, 0x131a, 0x13aa, 0x1404, 0x141c, 0x13f9, 0x13a5, 0x1329, 0x1291, 0x11e7,
    0x1137, 0x108c, 0x0ff3, 0x0f77, 0x0f25, 0x0f06, 0x0809, 0x0812, 0x0826, 0x0847, 0x0879, 0x08bd, 0x0914, 0x0979,
    0x09e7, 0x0a56, 0x0abe, 0x0b15, 0x0b52, 0x0b70, 0x0b72, 0x0b5f, 0x0b3f, 0x0b1a, 0x0af4, 0x0ad5, 0x0abe, 0x0ab2,
    0x0ab0, 0x0ab6, 0x0ac3, 0x0ad5, 0x0aea, 0x0b01, 0x0b19, 0x0b32, 0x0b4b, 0x0b63, 0x0b78, 0x0b87, 0x0b8d, 0x0b86,
    0x0b6f, 0x0b44, 0x0b04, 0x0ab2, 0x0a55, 0x09f2, 0x098f, 0x0931, 0x08db, 0x0892, 0x0856, 0x082b, 0x0810, 0x0806,
    0xf859, 0xf7eb, 0xf743, 0xf66c, 0xf574, 0xf466, 0xf352, 0xf243, 0xf146, 0xf065, 0xefaa, 0xef1e, 0xeec8, 0xeeae,
    0xeec9, 0xef10, 0xef7a, 0xeffe, 0xf092, 0xf12b, 0xf1be, 0xf23e, 0xf2a1, 0xf2db, 0xf2e4, 0xf2c1, 0xf27b, 0xf21a,
    0xf1a6, 0xf127, 0xf0a6, 0xf02b, 0xefbd, 0xef64, 0xef29, 0xef13, 0xef29, 0xef74, 0xeff7, 0xf0ac, 0xf187, 0xf27d,
    0xf383, 0xf48d, 0xf58f, 0xf67e, 0xf74d, 0xf7f0, 0xf85a, 0xf880, 0xf3a2, 0xf3c9, 0xf404, 0xf450, 0xf4a8, 0xf509,
    0xf56c, 0xf5ce, 0xf629, 0xf677, 0xf6b2, 0xf6d5, 0xf6d8, 0xf6b9, 0xf67d, 0xf62b, 0xf5ca, 0xf561, 0xf4f6, 0xf491,
    0xf435, 0xf3e9, 0xf3b2, 0xf394, 0xf393, 0xf3ad, 0xf3dd, 0xf41f, 0xf46f, 0xf4c8, 0xf528, 0xf589, 0xf5e8, 0xf63f,
    0xf689, 0xf6c1, 0xf6e1, 0xf6e6, 0xf6ca, 0xf693, 0xf647, 0xf5ec, 0xf588, 0xf521, 0xf4bc, 0xf45e, 0xf40d, 0xf3cd,
    0xf3a3, 0xf394, 0x09b8, 0x0a23, 0x0ac7, 0x0b96, 0x0c83, 0x0d82, 0x0e84, 0x0f7d, 0x1060, 0x1121, 0x11b2, 0x1207,
    0x1214, 0x11d0, 0x1145, 0x1083, 0x0f97, 0x0e91, 0x0d7f, 0x0c72, 0x0b77, 0x0a9f, 0x09f8, 0x0991, 0x0975, 0x099e,
    0x0a01, 0x0a93, 0x0b48, 0x0c17, 0x0cf3, 0x0dd3, 0x0eab, 0x0f71, 0x1019, 0x1099, 0x10e6, 0x10f6, 0x10c1, 0x1050,
    0x0fb0, 0x0eec, 0x0e10, 0x0d29, 0x0c44, 0x0b6c, 0x0aaf, 0x0a18, 0x09b5, 0x0991, 0xcfb7, 0xcfc3, 0xcfd5, 0xcfed,
    0xd00b, 0xd02e, 0xd055, 0xd07d, 0xd0a5, 0xd0c8, 0xd0e5, 0xd0f7, 0xd0fa, 0xd0ee, 0xd0d4, 0xd0b2, 0xd08a, 0xd061,
    0xd039, 0xd013, 0xcff3, 0xcfd8, 0xcfc2, 0xcfb3, 0xcfab, 0xcfa8, 0xcfaa, 0xcfb2, 0xcfbf, 0xcfd0, 0xcfe6, 0xcfff,
    0xd01b, 0xd036, 0xd04f, 0xd064, 0xd072, 0xd076, 0xd070, 0xd060, 0xd04a, 0xd031, 0xd017, 0xcfff, 0xcfe8, 0xcfd6,
    0xcfc7, 0xcfbc, 0xcfb6, 0xcfb3, 0xfe3a, 0xfe33, 0xfe28, 0xfe1c, 0xfe0f, 0xfe03, 0xfdfa, 0xfdf4, 0xfdf3, 0xfdf8,
    0xfe06, 0xfe1c, 0xfe3d, 0xfe68, 0xfe9a, 0xfece, 0xfeff, 0xff26, 0xff40, 0xff47, 0xff35, 0xff06, 0xfeb5, 0xfe3d,
    0xfd9a, 0xfcd4, 0xfbf4, 0xfb01, 0xfa04, 0xf906, 0xf80e, 0xf726, 0xf654, 0xf5a2, 0xf519, 0xf4c3, 0xf4a7, 0xf4cf,
    0xf53f, 0xf5ee, 0xf6cc, 0xf7cb, 0xf8df, 0xf9f9, 0xfb0d, 0xfc0e, 0xfced, 0xfd9e, 0xfe13, 0xfe3d, 0xfd2b, 0xfd21,
    0xfd13, 0xfd03, 0xfcf2, 0xfce2, 0xfcd5, 0xfccd, 0xfccc, 0xfcd3, 0xfce5, 0xfd03, 0xfd2f, 0xfd69, 0xfdab, 0xfdf0,
    0xfe30, 0xfe64, 0xfe86, 0xfe8f, 0xfe78, 0xfe3a, 0xfdcf, 0xfd2f, 0xfc55, 0xfb49, 0xfa15, 0xf8c7, 0xf768, 0xf605,
    0xf4ab, 0xf367, 0xf244, 0xf14e, 0xf092, 0xf01b, 0xeff5, 0xf02c, 0xf0c6, 0xf1b7, 0xf2ea, 0xf44e, 0xf5cf, 0xf758,
    0xf8d8, 0xfa39, 0xfb6b, 0xfc5a, 0xfcf7, 0xfd2f, 0x0a02, 0x09ff, 0x09fb, 0x09f7, 0x09f3, 0x09ef, 0x09eb, 0x09e9,
    0x09e9, 0x09eb, 0x09ef, 0x09f7, 0x0a03, 0x0a12, 0x0a24, 0x0a37, 0x0a49, 0x0a58, 0x0a61, 0x0a64, 0x0a5d, 0x0a4c,
    0x0a2e, 0x0a03, 0x09cb, 0x098b, 0x0949, 0x0908, 0x08cd, 0x0899, 0x086f, 0x084f, 0x0839, 0x082b, 0x0823, 0x081f,
    0x081e, 0x0820, 0x0825, 0x0830, 0x0845, 0x0865, 0x0892, 0x08ca, 0x090b, 0x0950, 0x0993, 0x09cc, 0x09f4, 0x0a03,
};

JointIndex gMiniblinSkelIdleAnimJointIndices[28] = {
    {
        0x0000,
        0x0008,
        0x0001,
    },
    {
        0x0002,
        0x0003,
        0x0004,
    },
    {
        0x003a,
        0x006c,
        0x009e,
    },
    {
        0x00d0,
        0x0102,
        0x0134,
    },
    {
        0x0166,
        0x0198,
        0x01ca,
    },
    {
        0x01fc,
        0x022e,
        0x0260,
    },
    {
        0x0292,
        0x02c4,
        0x02f6,
    },
    {
        0x0328,
        0x035a,
        0x038c,
    },
    {
        0x03be,
        0x03f0,
        0x0422,
    },
    {
        0x0454,
        0x0486,
        0x04b8,
    },
    {
        0x04ea,
        0x051c,
        0x054e,
    },
    {
        0x0580,
        0x05b2,
        0x05e4,
    },
    {
        0x0616,
        0x0648,
        0x067a,
    },
    {
        0x06ac,
        0x06de,
        0x0710,
    },
    {
        0x0742,
        0x0774,
        0x07a6,
    },
    {
        0x07d8,
        0x080a,
        0x083c,
    },
    {
        0x0005,
        0x0006,
        0x0007,
    },
    {
        0x086e,
        0x08a0,
        0x08d2,
    },
    {
        0x0904,
        0x0936,
        0x0968,
    },
    {
        0x099a,
        0x09cc,
        0x09fe,
    },
    {
        0x0a30,
        0x0a62,
        0x0a94,
    },
    {
        0x0ac6,
        0x0af8,
        0x0b2a,
    },
    {
        0x0b5c,
        0x0b8e,
        0x0bc0,
    },
    {
        0x0bf2,
        0x0c24,
        0x0c56,
    },
    {
        0x0c88,
        0x0cba,
        0x0cec,
    },
    {
        0x0d1e,
        0x0d50,
        0x0d82,
    },
    {
        0x0db4,
        0x0de6,
        0x0e18,
    },
    {
        0x0e4a,
        0x0e7c,
        0x0eae,
    },
};

AnimationHeader gMiniblinSkelIdleAnim = {
    { 50 }, gMiniblinSkelIdleAnimFrameData, gMiniblinSkelIdleAnimJointIndices, 8
};

/* ---- gMiniblinJumpAnim.c ---- */
s16 gMiniblinSkelJumpAnimFrameData[1956] = {
    0x000b, 0xe83e, 0xe445, 0x2f0d, 0xfd83, 0x03cf, 0xafbf, 0x0148, 0x1397, 0x51d2, 0xf951, 0x120c, 0x0160, 0x014f,
    0x012c, 0x00f1, 0x0096, 0x0017, 0xff74, 0xfecd, 0xfe4c, 0xfe18, 0xffcb, 0x0387, 0x0743, 0x08f6, 0x0783, 0x0461,
    0x0164, 0xffef, 0xffa7, 0xffbc, 0xffd3, 0x0010, 0x0063, 0x00bd, 0x0110, 0x014c, 0x0164, 0x40ea, 0x40eb, 0x40ec,
    0x40ee, 0x40ee, 0x40ef, 0x40ef, 0x40ef, 0x40ef, 0x40ef, 0x40ef, 0x40ee, 0x40ed, 0x40ec, 0x40eb, 0x40ea, 0x40ea,
    0x40ec, 0x40ee, 0x40ef, 0x40ee, 0x40ee, 0x40ed, 0x40ec, 0x40eb, 0x40ea, 0x40ea, 0xbf5e, 0xbf3d, 0xbf11, 0xbee5,
    0xbec3, 0xbeb5, 0xbeb5, 0xbeb5, 0xbeb5, 0xbeb5, 0xbebd, 0xbed4, 0xbef7, 0xbf24, 0xbf56, 0xbf76, 0xbf6c, 0xbf2b,
    0xbedc, 0xbeb5, 0xbec0, 0xbeda, 0xbefd, 0xbf24, 0xbf48, 0xbf62, 0xbf6c, 0xfffd, 0xfff6, 0xffec, 0xffe1, 0xffd6,
    0xffcc, 0xffc6, 0xffc3, 0xffc1, 0xffc1, 0xffc5, 0xffcf, 0xffdd, 0xffeb, 0xfff7, 0xfffe, 0x0000, 0xfff9, 0xfff0,
    0xffeb, 0xffec, 0xffef, 0xfff3, 0xfff7, 0xfffb, 0xfffe, 0x0000, 0x0002, 0x0006, 0x000b, 0x000f, 0x0013, 0x0015,
    0x0017, 0x0018, 0x0018, 0x0018, 0x0017, 0x0016, 0x0012, 0x000c, 0x0005, 0x0001, 0x0000, 0x0004, 0x0009, 0x000b,
    0x000a, 0x0009, 0x0007, 0x0005, 0x0002, 0x0001, 0x0000, 0xff04, 0xfc7b, 0xf8ff, 0xf530, 0xf1af, 0xef19, 0xed9c,
    0xecd6, 0xec8b, 0xec7f, 0xedd1, 0xf12f, 0xf5af, 0xfa5e, 0xfe44, 0x0073, 0xffff, 0xfc9f, 0xf885, 0xf686, 0xf70c,
    0xf866, 0xfa40, 0xfc45, 0xfe1f, 0xff79, 0xffff, 0xfdbd, 0xfdca, 0xfdd4, 0xfdd7, 0xfdd3, 0xfdd1, 0xfdd2, 0xfdd6,
    0xfdd7, 0xfdd3, 0xfdc8, 0xfdb9, 0xfda9, 0xfd9e, 0xfd9c, 0xfda4, 0xfdb7, 0xfdce, 0xfdd7, 0xfdd7, 0xfdd7, 0xfdd7,
    0xfdd4, 0xfdcd, 0xfdc3, 0xfdbb, 0xfdb7, 0xffb8, 0xff9e, 0xff7a, 0xff54, 0xff38, 0xff2d, 0xff33, 0xff46, 0xff62,
    0xff83, 0xffa3, 0xffbf, 0xffd3, 0xffdf, 0xffe1, 0xffd9, 0xffc2, 0xff95, 0xff65, 0xff50, 0xff56, 0xff67, 0xff7f,
    0xff98, 0xffad, 0xffbc, 0xffc2, 0x1365, 0x19e8, 0x2287, 0x2b26, 0x31a9, 0x3437, 0x32a4, 0x2e5e, 0x2813, 0x208c,
    0x18b3, 0x117b, 0x0bbb, 0x0822, 0x0749, 0x09e1, 0x10d7, 0x1c36, 0x2745, 0x2c26, 0x2aa9, 0x26c9, 0x216d, 0x1b90,
    0x1635, 0x1254, 0x10d7, 0xc020, 0xc266, 0xc4ac, 0xc5b5, 0xc19d, 0xb9ba, 0xb3a3, 0xb02c, 0xaf11, 0xaf16, 0xaf2a,
    0xaf56, 0xafa1, 0xb014, 0xb520, 0xc01e, 0xcb81, 0xd0b4, 0xcb6a, 0xbfd4, 0xb4c6, 0xb014, 0xb1ad, 0xb55e, 0xb9cb,
    0xbd86, 0xbf17, 0x0c02, 0x0bf2, 0x0be1, 0x0be1, 0x0c64, 0x0cdb, 0x0cd8, 0x0cbe, 0x0c7d, 0x0c02, 0x0b65, 0x0aca,
    0x0a54, 0x0a28, 0x0bd5, 0x0f17, 0x117b, 0x1235, 0x1183, 0x0f25, 0x0bdd, 0x0a28, 0x0a5c, 0x0ae3, 0x0b75, 0x0be0,
    0x0c08, 0x0334, 0x039b, 0x0402, 0x0431, 0x0379, 0x0202, 0x00e9, 0x0052, 0x0023, 0x0020, 0x001e, 0x001f, 0x0024,
    0x0030, 0x0134, 0x0427, 0x0800, 0x09f1, 0x07fd, 0x041c, 0x0128, 0x0030, 0x0073, 0x0119, 0x01f0, 0x02b0, 0x0304,
    0xffb3, 0x00d1, 0x01ee, 0x0270, 0x00d1, 0xfde3, 0xfbf2, 0xfadb, 0xf9e3, 0xf87d, 0xf6ce, 0xf52c, 0xf3f0, 0xf373,
    0xf729, 0xff51, 0x075a, 0x0aee, 0xff51, 0xf373, 0xf41b, 0xf5ca, 0xf818, 0xfa99, 0xfce3, 0xfe8d, 0xff32, 0xfe79,
    0xfe5b, 0xfe3d, 0xfe2f, 0xfe5c, 0xfeb5, 0xfeef, 0xff14, 0xff4c, 0xffb0, 0x002d, 0x009f, 0x00ef, 0x010d, 0x0002,
    0xfd46, 0xfa15, 0xf88a, 0xfd46, 0x010d, 0x00f0, 0x00a0, 0x002a, 0xff9f, 0xff18, 0xfeb0, 0xfe87, 0xfd16, 0xfd07,
    0xfcf8, 0xfcf0, 0xfd34, 0xfd81, 0xfd8d, 0xfd87, 0xfd6a, 0xfcf9, 0xfc24, 0xfb30, 0xfa66, 0xfa13, 0xfb68, 0xfe01,
    0x0007, 0x00ba, 0xfe01, 0xfa13, 0xfa42, 0xfabb, 0xfb5b, 0xfc01, 0xfc92, 0xfcf7, 0xfd1d, 0x4e3a, 0x4e63, 0x4e86,
    0x4e94, 0x4eb2, 0x4eb7, 0x4ea0, 0x4e75, 0x4dfe, 0x4cf5, 0x4b86, 0x4a0d, 0x48e7, 0x4870, 0x4b35, 0x5011, 0x53e6,
    0x5575, 0x53e6, 0x5012, 0x4b36, 0x4870, 0x4932, 0x4ad2, 0x4c7a, 0x4dae, 0x4e25, 0x04c3, 0x01ed, 0xff16, 0xfdcd,
    0x035c, 0x0d56, 0x139f, 0x1630, 0x16d0, 0x1705, 0x172b, 0x1741, 0x1749, 0x1748, 0x1222, 0x061b, 0xf9ca, 0xf450,
    0xf9ca, 0x061b, 0x1223, 0x1748, 0x1589, 0x114d, 0x0c2c, 0x07db, 0x060c, 0xc025, 0xc07d, 0xc0d3, 0xc0f9, 0xc04b,
    0xbf0f, 0xbe35, 0xbdc3, 0xbd70, 0xbcf5, 0xbc59, 0xbbbe, 0xbb48, 0xbb19, 0xbd57, 0xc0cf, 0xc2d6, 0xc362, 0xc2d6,
    0xc0cf, 0xbd57, 0xbb19, 0xbbc8, 0xbd38, 0xbea2, 0xbf9e, 0xbffc, 0x038a, 0x03ad, 0x03d6, 0x03eb, 0x03d2, 0x03c5,
    0x03d5, 0x03b6, 0x031d, 0x01e5, 0x005a, 0xfee2, 0xfdcf, 0xfd64, 0xfe85, 0x01f1, 0x0695, 0x090e, 0x01f1, 0xfd64,
    0xfd98, 0xfe32, 0xff31, 0x0080, 0x01e4, 0x0305, 0x037b, 0x0015, 0x00ba, 0x015f, 0x01a9, 0x00cc, 0xff30, 0xfe04,
    0xfd16, 0xfbd8, 0xf9da, 0xf75d, 0xf4df, 0xf2f3, 0xf22f, 0xf595, 0xfcdc, 0x0367, 0x05fe, 0xfcdc, 0xf22f, 0xf2fb,
    0xf507, 0xf7ca, 0xfab8, 0xfd4d, 0xff1b, 0xffc8, 0x03dd, 0x0527, 0x0673, 0x070a, 0x0565, 0x024f, 0xfff4, 0xfe3e,
    0xfc83, 0xfa50, 0xf7ee, 0xf5ca, 0xf443, 0xf3ad, 0xf6cb, 0xfdff, 0x05c9, 0x0984, 0xfdff, 0xf3ad, 0xf484, 0xf6af,
    0xf9ae, 0xfcfe, 0x0016, 0x0261, 0x0346, 0xa516, 0xa499, 0xa3f4, 0xa34c, 0xa2c9, 0xa293, 0xa2a2, 0xa2cc, 0xa30a,
    0xa356, 0xa3ac, 0xa405, 0xa45d, 0xa4ae, 0xa4f3, 0xa528, 0xa547, 0xa550, 0xa54c, 0xa547, 0xa547, 0xa547, 0xa547,
    0xa547, 0xa547, 0xa547, 0xa547, 0x0843, 0x097a, 0x0b0f, 0x0ca3, 0x0dda, 0x0e56, 0x0e33, 0x0dd2, 0x0d41, 0x0c8b,
    0x0bbe, 0x0ae6, 0x0a0f, 0x0947, 0x089a, 0x0816, 0x07c6, 0x07b0, 0x07bb, 0x07c6, 0x07c6, 0x07c6, 0x07c6, 0x07c6,
    0x07c6, 0x07c6, 0x07c6, 0x2604, 0x25ee, 0x25cc, 0x25a3, 0x257f, 0x256f, 0x2573, 0x2580, 0x2591, 0x25a6, 0x25bb,
    0x25d0, 0x25e3, 0x25f2, 0x25fe, 0x2606, 0x260b, 0x260c, 0x260c, 0x260b, 0x260b, 0x260b, 0x260b, 0x260b, 0x260b,
    0x260b, 0x260b, 0xf02b, 0xf165, 0xf304, 0xf4d1, 0xf6a3, 0xf802, 0xf7e5, 0xf65a, 0xf468, 0xf335, 0xf38c, 0xf51d,
    0xf742, 0xf967, 0xfa01, 0xf4ad, 0xefad, 0xedf1, 0xeebb, 0xf14b, 0xf324, 0xf35b, 0xf274, 0xf13f, 0xf050, 0xefd2,
    0xefad, 0xe473, 0xe0b1, 0xdba6, 0xd66c, 0xd221, 0xcfd5, 0xd034, 0xd2ab, 0xd66b, 0xdab9, 0xdee6, 0xe21e, 0xe377,
    0xe219, 0xdf42, 0xe181, 0xe5eb, 0xe614, 0xe2d6, 0xdf70, 0xddfc, 0xde21, 0xdf5c, 0xe14d, 0xe374, 0xe533, 0xe5eb,
    0xe7e9, 0xe8a1, 0xe935, 0xe91a, 0xe7cb, 0xe520, 0xe1cf, 0xdecf, 0xdc86, 0xdb4d, 0xdb70, 0xdc45, 0xdcc5, 0xdbab,
    0xda60, 0xe170, 0xe791, 0xe5c1, 0xded3, 0xd713, 0xd357, 0xd41b, 0xd7f1, 0xdd2c, 0xe249, 0xe615, 0xe791, 0xf9f8,
    0xfa68, 0xfb0e, 0xfbdc, 0xfcc1, 0xfda9, 0xfe83, 0xff38, 0xffb2, 0xffdf, 0xfe54, 0xfa80, 0xf634, 0xf428, 0xf50f,
    0xf735, 0xf9d0, 0xfc34, 0xfdeb, 0xfe93, 0xfe54, 0xfdae, 0xfcc7, 0xfbc3, 0xface, 0xfa17, 0xf9d0, 0x05ba, 0x0565,
    0x04ed, 0x0460, 0x03cd, 0x0343, 0x02d1, 0x027a, 0x023e, 0x0228, 0x038b, 0x062a, 0x080b, 0x089f, 0x083b, 0x0739,
    0x05da, 0x0475, 0x0357, 0x02e2, 0x0312, 0x038c, 0x042a, 0x04cc, 0x0557, 0x05b7, 0x05da, 0x406e, 0x409f, 0x410d,
    0x41cf, 0x42fd, 0x44af, 0x474d, 0x4a7f, 0x4d34, 0x4e58, 0x4b20, 0x43b7, 0x3bff, 0x3873, 0x39a1, 0x3c91, 0x4063,
    0x4446, 0x4750, 0x488a, 0x481a, 0x46f5, 0x4561, 0x43a5, 0x4208, 0x40d9, 0x4063, 0x03c5, 0x03c4, 0x03bb, 0x03a9,
    0x038a, 0x035e, 0x033f, 0x0346, 0x0363, 0x0374, 0x022d, 0x00b2, 0x032c, 0x0729, 0x0648, 0x04ef, 0x03c5, 0x034b,
    0x034a, 0x035e, 0x0362, 0x036f, 0x0381, 0x0397, 0x03ad, 0x03be, 0x03c5, 0xf983, 0xf962, 0xf924, 0xf8c4, 0xf83b,
    0xf784, 0xf6ae, 0xf5e5, 0xf553, 0xf51b, 0xf510, 0xf71a, 0xfc1a, 0x0270, 0x0156, 0xfd77, 0xf98d, 0xf7ac, 0xf75e,
    0xf784, 0xf7a1, 0xf7ec, 0xf852, 0xf8c1, 0xf926, 0xf970, 0xf98d, 0xa9e9, 0xa9ca, 0xa97b, 0xa8e2, 0xa7e8, 0xa676,
    0xa3c3, 0xa00b, 0x9cbd, 0x9b51, 0xa46e, 0xb5c1, 0xbee8, 0xb41c, 0xadb7, 0xab0b, 0xa9ee, 0xa88c, 0xa71e, 0xa676,
    0xa6a7, 0xa726, 0xa7d3, 0xa891, 0xa93e, 0xa9bd, 0xa9ee, 0x5d11, 0x5d70, 0x5df0, 0x5e73, 0x5edc, 0x5f07, 0x5efa,
    0x5ed9, 0x5ea8, 0x5e6b, 0x5e28, 0x5de2, 0x5d9f, 0x5d61, 0x5d2c, 0x5d04, 0x5cec, 0x5ce5, 0x5ce9, 0x5cec, 0x5cec,
    0x5cec, 0x5cec, 0x5cec, 0x5cec, 0x5cec, 0x5cec, 0xeb45, 0xea6e, 0xe956, 0xe840, 0xe76a, 0xe715, 0xe72d, 0xe76f,
    0xe7d3, 0xe850, 0xe8de, 0xe973, 0xea07, 0xea91, 0xeb08, 0xeb64, 0xeb9b, 0xebaa, 0xeba3, 0xeb9b, 0xeb9b, 0xeb9b,
    0xeb9b, 0xeb9b, 0xeb9b, 0xeb9b, 0xeb9b, 0x2658, 0x2625, 0x25de, 0x2592, 0x2554, 0x253a, 0x2541, 0x2555, 0x2573,
    0x2597, 0x25be, 0x25e5, 0x260b, 0x262d, 0x2649, 0x265f, 0x266b, 0x266f, 0x266d, 0x266b, 0x266b, 0x266b, 0x266b,
    0x266b, 0x266b, 0x266b, 0x266b, 0x144a, 0x142c, 0x1414, 0x1418, 0x1456, 0x14f5, 0x1603, 0x16fb, 0x173b, 0x1635,
    0x13c3, 0x10df, 0x0e97, 0x0dde, 0x0f63, 0x125f, 0x1459, 0x15ed, 0x16ff, 0x16e1, 0x1652, 0x160a, 0x15ee, 0x15ad,
    0x152c, 0x149d, 0x1459, 0x162e, 0x188a, 0x1bc7, 0x1f50, 0x228f, 0x24f1, 0x2603, 0x25cc, 0x2467, 0x21e6, 0x1e87,
    0x1b62, 0x19ce, 0x1b19, 0x1e00, 0x1a8b, 0x1545, 0x151b, 0x18f1, 0x1d49, 0x1f4e, 0x1f1a, 0x1d63, 0x1ad5, 0x182b,
    0x1619, 0x1545, 0xe95d, 0xe930, 0xe8db, 0xe856, 0xe7a3, 0xe6ce, 0xe5e8, 0xe4f2, 0xe3f0, 0xe307, 0xe27c, 0xe256,
    0xe224, 0xe142, 0xe0e3, 0xe5a6, 0xe969, 0xe78f, 0xe230, 0xdc9c, 0xda0d, 0xdab9, 0xdd96, 0xe17a, 0xe555, 0xe841,
    0xe969, 0x06d4, 0x06a9, 0x0654, 0x05cc, 0x0508, 0x0401, 0x02c2, 0x018e, 0x00aa, 0x0050, 0x01be, 0x052c, 0x08e4,
    0x0aa1, 0x0a1d, 0x08c3, 0x06e1, 0x04d2, 0x0329, 0x027b, 0x02b7, 0x0352, 0x042a, 0x051a, 0x05fa, 0x06a0, 0x06e1,
    0x052d, 0x054a, 0x057c, 0x05c7, 0x0631, 0x06c0, 0x0776, 0x0837, 0x08d6, 0x0918, 0x0802, 0x05f8, 0x0487, 0x0417,
    0x042b, 0x047a, 0x0524, 0x0626, 0x0725, 0x0799, 0x0771, 0x070d, 0x068a, 0x0604, 0x0590, 0x0541, 0x0524, 0x3ac6,
    0x3ae8, 0x3b43, 0x3bf2, 0x3d11, 0x3eba, 0x4119, 0x43c5, 0x45f2, 0x46d9, 0x43d4, 0x3d01, 0x360d, 0x32e4, 0x3418,
    0x370b, 0x3ac1, 0x3e4e, 0x40f2, 0x41fa, 0x4195, 0x4090, 0x3f29, 0x3d9f, 0x3c33, 0x3b29, 0x3ac1, 0xfd24, 0xfd28,
    0xfd2d, 0xfd2d, 0xfd23, 0xfcff, 0xfca0, 0xfc00, 0xfb55, 0xfb04, 0xfe04, 0x0174, 0xfff3, 0xfc34, 0xfc5f, 0xfcc5,
    0xfd23, 0xfd39, 0xfd18, 0xfcff, 0xfd04, 0xfd10, 0xfd1c, 0xfd24, 0xfd26, 0xfd24, 0xfd23, 0x0864, 0x08a4, 0x0925,
    0x09fc, 0x0b3a, 0x0cf2, 0x0f1b, 0x1144, 0x12e7, 0x138c, 0x11b8, 0x0bb7, 0x04ee, 0x00df, 0x01b4, 0x04bf, 0x0853,
    0x0afa, 0x0c7a, 0x0cf2, 0x0cb1, 0x0c08, 0x0b21, 0x0a25, 0x093d, 0x0894, 0x0853, 0xaa74, 0xaa50, 0xa9f0, 0xa937,
    0xa805, 0xa63a, 0xa386, 0xa04a, 0x9d88, 0x9c5c, 0xa54c, 0xb53f, 0xbd33, 0xb4b0, 0xae43, 0xabae, 0xaa7a, 0xa8cc,
    0xa70a, 0xa63a, 0xa678, 0xa715, 0xa7eb, 0xa8d2, 0xa9a5, 0xaa3f, 0xaa7a, 0x89d4, 0x8a34, 0x8aaf, 0x8b2c, 0x8b92,
    0x8bcd, 0x8bd0, 0x8ba2, 0x8b4e, 0x8adf, 0x8a61, 0x89e2, 0x8974, 0x0928, 0x090d, 0x8935, 0x89ae, 0x8a73, 0x8b3f,
    0x8bcd, 0x8bf4, 0x8bc9, 0x8b63, 0x8ada, 0x8a4c, 0x89dc, 0x89ae, 0x3d32, 0x3d30, 0x3d2c, 0x3d27, 0x3d23, 0x3d20,
    0x3d20, 0x3d22, 0x3d26, 0x3d2a, 0x3d2f, 0x3d32, 0x3d35, 0x42c9, 0x42c9, 0x3d36, 0x3d33, 0x3d2e, 0x3d27, 0x3d20,
    0x3d1e, 0x3d20, 0x3d25, 0x3d2b, 0x3d2f, 0x3d32, 0x3d33, 0xf773, 0xf96a, 0xfc06, 0xfebf, 0x010c, 0x0269, 0x027b,
    0x016a, 0xff82, 0xfd0e, 0xfa5c, 0xf7bb, 0xf57d, 0x73f3, 0x736d, 0xf43b, 0xf6ad, 0xfabf, 0xff2c, 0x0269, 0x0359,
    0x0252, 0xfff8, 0xfcf2, 0xf9ed, 0xf79a, 0xf6ad, 0xd134, 0xd3d4, 0xd759, 0xdb0b, 0xde30, 0xe010, 0xe027, 0xdeb1,
    0xdc16, 0xd8bf, 0xd51a, 0xd194, 0xce9a, 0xcc93, 0xcbe3, 0xccf2, 0xd02c, 0xd59f, 0xdba1, 0xe010, 0xe15a, 0xdfef,
    0xdcb7, 0xd899, 0xd484, 0xd168, 0xd02c, 0xff24, 0xff7a, 0xffe9, 0x0057, 0x00ad, 0x00de, 0x00e0, 0x00bb, 0x0074,
    0x0014, 0xffa3, 0xff30, 0xfecc, 0xfe85, 0xfe6d, 0xfe92, 0xff01, 0xffb3, 0x0067, 0x00de, 0x00fe, 0x00db, 0x0085,
    0x000f, 0xff90, 0xff2b, 0xff01, 0xfb4f, 0xfb7c, 0xfbc2, 0xfc15, 0xfc63, 0xfc95, 0xfc97, 0xfc70, 0xfc2e, 0xfbe0,
    0xfb94, 0xfb55, 0xfb27, 0xfb0c, 0xfb04, 0xfb11, 0xfb3e, 0xfb9f, 0xfc23, 0xfc95, 0xfcb8, 0xfc91, 0xfc3e, 0xfbdd,
    0xfb89, 0xfb52, 0xfb3e, 0xff41, 0xff55, 0xff72, 0xff8f, 0xffa6, 0xffaf, 0xffa0, 0xff7d, 0xff53, 0xff33, 0xff27,
    0xff27, 0xff28, 0xff2a, 0xff2d, 0xff32, 0xff39, 0xff51, 0xff77, 0xff8b, 0xff86, 0xff7a, 0xff69, 0xff58, 0xff48,
    0xff3d, 0xff39, 0xfca3, 0xfcad, 0xfcb6, 0xfcbb, 0xfcbb, 0xfcba, 0xfcbc, 0xfcb9, 0xfcad, 0xfc9c, 0xfc93, 0xfc93,
    0xfc93, 0xfc94, 0xfc96, 0xfc9a, 0xfc9e, 0xfcab, 0xfcb7, 0xfcbb, 0xfcba, 0xfcb8, 0xfcb4, 0xfcae, 0xfca7, 0xfca1,
    0xfc9e, 0xd400, 0xd91f, 0xdfdc, 0xe698, 0xebb8, 0xedbf, 0xea5f, 0xe21d, 0xd80d, 0xcfa9, 0xcc32, 0xcc39, 0xcc6a,
    0xcced, 0xcded, 0xcf8f, 0xd1f9, 0xd84f, 0xe131, 0xe5b1, 0xe49b, 0xe1cd, 0xddf1, 0xd9b9, 0xd5dd, 0xd30e, 0xd1f9,
    0xe9e3, 0xe925, 0xe82d, 0xe735, 0xe676, 0xe629, 0xe74d, 0xea5d, 0xeecb, 0xf3ff, 0xf954, 0xfe28, 0x01e9, 0x0415,
    0x0431, 0x01ae, 0xfbd8, 0xf2bb, 0xea00, 0xe629, 0xe662, 0xe6f6, 0xe7bf, 0xe89b, 0xe964, 0xe9f6, 0xea2f, 0xf932,
    0xf94c, 0xf96a, 0xf984, 0xf995, 0xf99b, 0xf9b3, 0xf9e6, 0xfa0f, 0xfa0d, 0xf9d3, 0xf96f, 0xf901, 0xf8b6, 0xf8b2,
    0xf909, 0xf9a5, 0xfa13, 0xf9e1, 0xf99b, 0xf997, 0xf98a, 0xf976, 0xf95e, 0xf944, 0xf92f, 0xf927, 0xf4c4, 0xf434,
    0xf377, 0xf2ba, 0xf229, 0xf1ee, 0xf24a, 0xf341, 0xf4ac, 0xf659, 0xf80d, 0xf98f, 0xfab2, 0xfb56, 0xfb5e, 0xfaa0,
    0xf8d7, 0xf5f1, 0xf323, 0xf1ee, 0xf21a, 0xf28a, 0xf324, 0xf3cb, 0xf464, 0xf4d3, 0xf4fe, 0x1e8f, 0x20c3, 0x23a0,
    0x267d, 0x28ad, 0x298c, 0x28ec, 0x273e, 0x24d4, 0x21ff, 0x1f12, 0x1c64, 0x1a47, 0x190a, 0x18fa, 0x1a69, 0x1dae,
    0x22af, 0x2772, 0x298c, 0x28e5, 0x2736, 0x24e4, 0x225c, 0x2009, 0x1e57, 0x1dae, 0xfef8, 0xfee8, 0xfec0, 0xfe82,
    0xfe44, 0xfe27, 0xfe3c, 0xfe6e, 0xfea9, 0xfeda, 0xfef5, 0xfefa, 0xfef0, 0xfee5, 0xfee4, 0xfef1, 0xfefa, 0xfed0,
    0xfe68, 0xfe27, 0xfe3d, 0xfe6f, 0xfea7, 0xfed4, 0xfeef, 0xfef9, 0xfefa, 0xef4c, 0xf03f, 0xf17b, 0xf2b2, 0xf39e,
    0xf3fb, 0xf3b8, 0xf304, 0xf1fe, 0xf0c7, 0xef85, 0xee5c, 0xed72, 0xece9, 0xece3, 0xed81, 0xeeeb, 0xf113, 0xf319,
    0xf3fb, 0xf3b5, 0xf300, 0xf205, 0xf0ef, 0xefef, 0xef34, 0xeeeb, 0x01c4, 0x0144, 0x00b8, 0x004b, 0x000c, 0xfff7,
    0x0006, 0x0033, 0x0087, 0x0104, 0x01a4, 0x0254, 0x02f3, 0x0359, 0x035e, 0x02e8, 0x01fc, 0x00e3, 0x002d, 0xfff7,
    0x0007, 0x0034, 0x0084, 0x00f2, 0x016c, 0x01d1, 0x01fc, 0xfee5, 0xfc15, 0xf864, 0xf4b0, 0xf1d7, 0xf0b4, 0xf185,
    0xf3b4, 0xf6d6, 0xfa7f, 0xfe3e, 0x01a6, 0x044e, 0x05d9, 0x05ed, 0x0424, 0x0004, 0xf99c, 0xf371, 0xf0b4, 0xf18d,
    0xf3bf, 0xf6c1, 0xfa07, 0xfd03, 0xff2d, 0x0004, 0xff2a, 0xfe15, 0xfcb4, 0xfb58, 0xfa4e, 0xf9e3, 0xfa30, 0xfafc,
    0xfc21, 0xfd7c, 0xfee9, 0x0045, 0x0161, 0x020d, 0x0216, 0x014f, 0xff9b, 0xfd27, 0xfae4, 0xf9e3, 0xfa33, 0xfb00,
    0xfc19, 0xfd4f, 0xfe6f, 0xff47, 0xff9b, 0x0f5e, 0x103a, 0x1159, 0x127b, 0x135a, 0x13b4, 0x12cc, 0x105f, 0x0ce3,
    0x08cf, 0x04a0, 0x00d1, 0xfdd3, 0xfc14, 0xfbfe, 0xfe02, 0x02a5, 0x09cd, 0x10a9, 0x13b4, 0x1371, 0x12c4, 0x11d9,
    0x10da, 0x0ff1, 0x0f48, 0x0f06, 0x07e1, 0x0786, 0x0714, 0x06a9, 0x065a, 0x063b, 0x0663, 0x06d6, 0x0791, 0x0888,
    0x09a3, 0x0abd, 0x0ba8, 0x0c36, 0x0c3d, 0x0b99, 0x0a33, 0x0849, 0x06c8, 0x063b, 0x0652, 0x068e, 0x06e4, 0x0746,
    0x07a3, 0x07ea, 0x0806, 0xf841, 0xf7a3, 0xf6d3, 0xf600, 0xf55c, 0xf51a, 0xf567, 0xf62f, 0xf743, 0xf872, 0xf98f,
    0xfa79, 0xfb1e, 0xfb76, 0xfb7b, 0xfb14, 0xfa0c, 0xf82a, 0xf617, 0xf51a, 0xf54c, 0xf5ca, 0xf676, 0xf72f, 0xf7d8,
    0xf851, 0xf880, 0xf313, 0xf1d0, 0xf02b, 0xee85, 0xed3f, 0xecbc, 0xed1a, 0xee14, 0xef7a, 0xf11b, 0xf2c8, 0xf451,
    0xf589, 0xf640, 0xf649, 0xf575, 0xf394, 0xf0b6, 0xedf7, 0xecbc, 0xed1e, 0xee19, 0xef71, 0xf0e6, 0xf23b, 0xf334,
    0xf394, 0x092f, 0x083b, 0x0701, 0x05cd, 0x04e4, 0x0487, 0x04ca, 0x057c, 0x067f, 0x07b3, 0x08f6, 0x0a22, 0x0b11,
    0x0b9f, 0x0ba6, 0x0b02, 0x0991, 0x0768, 0x0567, 0x0487, 0x04cc, 0x0580, 0x0678, 0x078b, 0x088b, 0x0947, 0x0991,
    0xcfd2, 0xd026, 0xd09d, 0xd120, 0xd18d, 0xd1ba, 0xd19a, 0xd145, 0xd0d2, 0xd057, 0xcfe5, 0xcf88, 0xcf45, 0xcf22,
    0xcf20, 0xcf49, 0xcfb3, 0xd074, 0xd14f, 0xd1ba, 0xd198, 0xd143, 0xd0d5, 0xd067, 0xd009, 0xcfca, 0xcfb3, 0xff41,
    0x01bc, 0x04db, 0x07eb, 0x0a49, 0x0b3f, 0x0a8e, 0x08bb, 0x0625, 0x0317, 0xffd7, 0xfcb6, 0xfa1a, 0xf881, 0xf86c,
    0xfa45, 0xfe3d, 0x03d7, 0x08f2, 0x0b3f, 0x0a87, 0x08b2, 0x0636, 0x037c, 0x00ee, 0xff00, 0xfe3d, 0xfecc, 0x02f2,
    0x087b, 0x0e18, 0x1266, 0x141b, 0x12e1, 0x0f96, 0x0ad6, 0x0550, 0xffc0, 0xfadb, 0xf72c, 0xf519, 0xf4ff, 0xf765,
    0xfd2f, 0x06a6, 0x0ffb, 0x141b, 0x12d5, 0x0f85, 0x0af6, 0x0605, 0x0191, 0xfe63, 0xfd2f, 0x0975, 0x083d, 0x0701,
    0x062d, 0x05d3, 0x05c2, 0x05cd, 0x0606, 0x069b, 0x07a9, 0x0927, 0x0ae4, 0x0c85, 0x0d95, 0x0da3, 0x0c69, 0x0a03,
    0x075e, 0x05fd, 0x05c2, 0x05ce, 0x0608, 0x0696, 0x0781, 0x089d, 0x0998, 0x0a03,
};

JointIndex gMiniblinSkelJumpAnimJointIndices[28] = {
    {
        0x0000,
        0x000c,
        0x0001,
    },
    {
        0x0027,
        0x0002,
        0x0042,
    },
    {
        0x005d,
        0x0078,
        0x0093,
    },
    {
        0x00ae,
        0x00c9,
        0x00e4,
    },
    {
        0x00ff,
        0x011a,
        0x0135,
    },
    {
        0x0150,
        0x016b,
        0x0186,
    },
    {
        0x01a1,
        0x01bc,
        0x01d7,
    },
    {
        0x01f2,
        0x020d,
        0x0228,
    },
    {
        0x0243,
        0x025e,
        0x0279,
    },
    {
        0x0294,
        0x02af,
        0x02ca,
    },
    {
        0x02e5,
        0x0300,
        0x031b,
    },
    {
        0x0336,
        0x0351,
        0x036c,
    },
    {
        0x0387,
        0x03a2,
        0x03bd,
    },
    {
        0x03d8,
        0x03f3,
        0x040e,
    },
    {
        0x0429,
        0x0444,
        0x045f,
    },
    {
        0x047a,
        0x0495,
        0x04b0,
    },
    {
        0x04cb,
        0x04e6,
        0x0501,
    },
    {
        0x051c,
        0x0537,
        0x0552,
    },
    {
        0x0003,
        0x0004,
        0x0005,
    },
    {
        0x056d,
        0x0588,
        0x05a3,
    },
    {
        0x0006,
        0x0007,
        0x0008,
    },
    {
        0x05be,
        0x05d9,
        0x05f4,
    },
    {
        0x060f,
        0x062a,
        0x0645,
    },
    {
        0x0660,
        0x067b,
        0x0696,
    },
    {
        0x0009,
        0x000a,
        0x000b,
    },
    {
        0x06b1,
        0x06cc,
        0x06e7,
    },
    {
        0x0702,
        0x071d,
        0x0738,
    },
    {
        0x0753,
        0x076e,
        0x0789,
    },
};

AnimationHeader gMiniblinSkelJumpAnim = {
    { 27 }, gMiniblinSkelJumpAnimFrameData, gMiniblinSkelJumpAnimJointIndices, 12
};

/* ---- gMiniblinLaughAnim.c ---- */
s16 gMiniblinSkelLaughAnimFrameData[1703] = {
    0x000b, 0x0164, 0xe83e, 0x40ea, 0xe445, 0xbf6c, 0xffff, 0xfdb7, 0xffc2, 0xa547, 0x07c6, 0x260b, 0x5cec, 0xeb9b,
    0x266b, 0xff39, 0xfc9e, 0xafbf, 0x0148, 0x1397, 0x01fc, 0x0004, 0xff9b, 0x51d2, 0xf951, 0x120c, 0xfe3d, 0xfd2f,
    0x0a03, 0x00e9, 0x0351, 0x06be, 0x0aaf, 0x0ea1, 0x120e, 0x1476, 0x155f, 0x153e, 0x14e1, 0x144c, 0x1386, 0x1295,
    0x117e, 0x1048, 0x0ef8, 0x0d95, 0x0c26, 0x0aaf, 0x0939, 0x07ca, 0x0667, 0x0517, 0x03e1, 0x02ca, 0x01d9, 0x0113,
    0x007e, 0x0021, 0xffff, 0xffff, 0x119c, 0x13b1, 0x16c5, 0x1a83, 0x1e92, 0x2299, 0x263f, 0x2932, 0x2b39, 0x2c70,
    0x2d09, 0x2d32, 0x2c1e, 0x2989, 0x2670, 0x23d5, 0x22bd, 0x23db, 0x2686, 0x29b4, 0x2c5b, 0x2d77, 0x2c3f, 0x2904,
    0x2468, 0x1f19, 0x19ce, 0x153b, 0x120a, 0x10d7, 0x10d7, 0xbf89, 0xbb74, 0xb3c9, 0xafa8, 0xafd8, 0xb063, 0xb141,
    0xb26b, 0xb3da, 0xb586, 0xb769, 0xb975, 0xbb83, 0xbd69, 0xbefa, 0xc00a, 0xc06e, 0xbfef, 0xbea7, 0xbce4, 0xbaf8,
    0xb934, 0xb7e9, 0xb769, 0xb7dd, 0xb907, 0xba9e, 0xbc5a, 0xbdef, 0xbf17, 0xbf89, 0x0bfa, 0x0c5e, 0x0cdd, 0x0d00,
    0x0d00, 0x0d00, 0x0cfe, 0x0cf9, 0x0cf1, 0x0ce3, 0x0ccd, 0x0cb0, 0x0c8c, 0x0c65, 0x0c42, 0x0c27, 0x0c1d, 0x0c2a,
    0x0c48, 0x0c6f, 0x0c95, 0x0cb3, 0x0cc6, 0x0ccd, 0x0cc4, 0x0caa, 0x0c85, 0x0c58, 0x0c2b, 0x0c08, 0x0bfa, 0x031c,
    0x0240, 0x008d, 0xff9b, 0xffa5, 0xffc5, 0xfff6, 0x003b, 0x008d, 0x00ed, 0x0159, 0x01cd, 0x0241, 0x02aa, 0x02ff,
    0x0338, 0x034d, 0x0332, 0x02ee, 0x028e, 0x0223, 0x01bf, 0x0176, 0x0159, 0x0173, 0x01b6, 0x0210, 0x0270, 0x02c7,
    0x0304, 0x031c, 0xffc6, 0xffc6, 0xffc6, 0xffc6, 0xff32, 0xfdb5, 0xfbad, 0xf977, 0xf771, 0xf5f7, 0xf565, 0xf6af,
    0xf9ed, 0xfe2c, 0x0270, 0x05b6, 0x0704, 0x060a, 0x0384, 0x000f, 0xfc4a, 0xf8da, 0xf65b, 0xf565, 0xf5f7, 0xf771,
    0xf977, 0xfbad, 0xfdb5, 0xff32, 0xffc6, 0xfe71, 0xfe71, 0xfe71, 0xfe71, 0xfe87, 0xfec2, 0xff18, 0xff7c, 0xffde,
    0x0029, 0x0046, 0x0007, 0xff70, 0xfebc, 0xfe1e, 0xfdb5, 0xfd8f, 0xfdab, 0xfdfa, 0xfe74, 0xff09, 0xffa0, 0x0017,
    0x0046, 0x0029, 0xffde, 0xff7c, 0xff18, 0xfec2, 0xfe87, 0xfe71, 0xfcfb, 0xfcfb, 0xfcfb, 0xfcfb, 0xfd1d, 0xfd73,
    0xfde6, 0xfe5e, 0xfec7, 0xff11, 0xff2d, 0xfefa, 0xfe71, 0xfdae, 0xfcd8, 0xfc2a, 0xfbe3, 0xfc19, 0xfca0, 0xfd52,
    0xfe07, 0xfea0, 0xff07, 0xff2d, 0xff11, 0xfec7, 0xfe5e, 0xfde6, 0xfd73, 0xfd1d, 0xfcfb, 0x4e1d, 0x4e45, 0x4e5a,
    0x4e48, 0x4e53, 0x4e5f, 0x4e6c, 0x4e79, 0x4e85, 0x4e8f, 0x4e97, 0x4e9c, 0x4e9f, 0x4ea0, 0x4ea0, 0x4e9f, 0x4e9f,
    0x4ea1, 0x4ea6, 0x4eaa, 0x4eac, 0x4ea9, 0x4ea2, 0x4e97, 0x4e89, 0x4e7a, 0x4e67, 0x4e50, 0x4e38, 0x4e25, 0x4e1d,
    0x0564, 0x0aa5, 0x147d, 0x19bf, 0x1985, 0x18e2, 0x17e2, 0x1693, 0x1502, 0x133d, 0x1151, 0x0f4e, 0x0d55, 0x0b8c,
    0x0a17, 0x091c, 0x08c0, 0x0939, 0x0a72, 0x0c1f, 0x0df2, 0x0f9e, 0x10d8, 0x1151, 0x10a9, 0x0ef5, 0x0ca0, 0x0a15,
    0x07c0, 0x060c, 0x0564, 0xc011, 0xbf76, 0xbe4d, 0xbd9f, 0xbda9, 0xbdbe, 0xbddd, 0xbe03, 0xbe2f, 0xbe5e, 0xbe8e,
    0xbebf, 0xbeee, 0xbf17, 0xbf38, 0xbf4e, 0xbf56, 0xbf4b, 0xbf30, 0xbf0a, 0xbee1, 0xbeba, 0xbe9c, 0xbe8e, 0xbea2,
    0xbed9, 0xbf24, 0xbf77, 0xbfc3, 0xbffc, 0xc011, 0x0378, 0x0378, 0x0378, 0x0378, 0x037b, 0x0386, 0x0399, 0x03b4,
    0x03d5, 0x03f6, 0x040e, 0x0403, 0x03e0, 0x03da, 0x0407, 0x044d, 0x0471, 0x0456, 0x041b, 0x03e8, 0x03d6, 0x03e9,
    0x0407, 0x040e, 0x03f7, 0x03d8, 0x03b7, 0x039b, 0x0387, 0x037b, 0x0378, 0xffed, 0xffed, 0xffed, 0xffed, 0xffc8,
    0xff68, 0xfee6, 0xfe59, 0xfdd9, 0xfd7d, 0xfd5b, 0xfdf4, 0xff72, 0x0169, 0x035c, 0x04d5, 0x0569, 0x04fb, 0x03d9,
    0x0246, 0x008b, 0xfef4, 0xfdcd, 0xfd5b, 0xfd7d, 0xfdd9, 0xfe59, 0xfee6, 0xff68, 0xffc8, 0xffed, 0x03a1, 0x03a1,
    0x03a1, 0x03a1, 0x0346, 0x025d, 0x011d, 0xffc0, 0xfe7f, 0xfd94, 0xfd38, 0xfe8e, 0x01ea, 0x064b, 0x0aaf, 0x0e10,
    0x0f6a, 0x0e67, 0x0bcc, 0x083c, 0x045b, 0x00cf, 0xfe38, 0xfd38, 0xfd94, 0xfe7f, 0xffbf, 0x011d, 0x025d, 0x0346,
    0x03a1, 0xef35, 0xee08, 0xec87, 0xeb03, 0xe9b6, 0xe8bd, 0xe824, 0xe7ef, 0xe7f6, 0xe80c, 0xe82e, 0xe85e, 0xe89a,
    0xe8e4, 0xe939, 0xe99b, 0xea09, 0xea81, 0xeb03, 0xeb8c, 0xec1a, 0xecab, 0xed3b, 0xedc6, 0xee48, 0xeebd, 0xef20,
    0xef6b, 0xef9c, 0xefad, 0xefad, 0xe657, 0xe780, 0xe938, 0xeb4b, 0xed75, 0xef66, 0xf0cc, 0xf154, 0xf141, 0xf10a,
    0xf0b3, 0xf040, 0xefb4, 0xef14, 0xee63, 0xeda6, 0xece0, 0xec16, 0xeb4b, 0xea84, 0xe9c2, 0xe90b, 0xe861, 0xe7c6,
    0xe73e, 0xe6c9, 0xe66b, 0xe625, 0xe5fa, 0xe5eb, 0xe5eb, 0xe85d, 0xea6a, 0xed31, 0xf034, 0xf30d, 0xf568, 0xf701,
    0xf799, 0xf784, 0xf747, 0xf6e6, 0xf663, 0xf5c2, 0xf506, 0xf432, 0xf34a, 0xf24f, 0xf147, 0xf034, 0xef1c, 0xee02,
    0xecec, 0xebdf, 0xeae1, 0xe9f9, 0xe92c, 0xe881, 0xe800, 0xe7ae, 0xe791, 0xe791, 0xfa1f, 0xfaf0, 0xfc19, 0xfd70,
    0xfec9, 0xfff9, 0x00d1, 0x0124, 0x0118, 0x00f7, 0x00c3, 0x007d, 0x0029, 0xffc7, 0xff5b, 0xfee7, 0xfe6d, 0xfdef,
    0xfd70, 0xfcf0, 0xfc74, 0xfbfb, 0xfb8a, 0xfb20, 0xfac2, 0xfa70, 0xfa2d, 0xf9fb, 0xf9db, 0xf9d0, 0xf9d0, 0x059a,
    0x04f1, 0x0405, 0x02f9, 0x01f2, 0x0110, 0x0072, 0x0037, 0x003f, 0x0057, 0x007d, 0x00af, 0x00ed, 0x0134, 0x0184,
    0x01db, 0x0237, 0x0297, 0x02f9, 0x035c, 0x03bd, 0x041c, 0x0476, 0x04ca, 0x0516, 0x0558, 0x058e, 0x05b7, 0x05d1,
    0x05da, 0x05da, 0x404a, 0x4008, 0x3fa4, 0x3f29, 0x3ea6, 0x3e2d, 0x3dd3, 0x3db0, 0x3db5, 0x3dc3, 0x3dd9, 0x3df6,
    0x3e19, 0x3e41, 0x3e6c, 0x3e9a, 0x3eca, 0x3ef9, 0x3f29, 0x3f58, 0x3f84, 0x3fae, 0x3fd5, 0x3ff8, 0x4017, 0x4031,
    0x4046, 0x4056, 0x405f, 0x4063, 0x4063, 0x03c4, 0x03c2, 0x03c0, 0x03be, 0x03bc, 0x03bb, 0x03bb, 0x03bc, 0x03bd,
    0x03be, 0x03be, 0x03bf, 0x03bf, 0x03be, 0x03be, 0x03bd, 0x03bc, 0x03bc, 0x03bb, 0x03bb, 0x03bc, 0x03bc, 0x03bd,
    0x03bf, 0x03c0, 0x03c1, 0x03c3, 0x03c4, 0x03c5, 0x03c5, 0x03c5, 0xf998, 0xf9b8, 0xf9e7, 0xfa21, 0xfa61, 0xfaa2,
    0xfade, 0xfb13, 0xfb3b, 0xfb57, 0xfb67, 0xfb6e, 0xfb6b, 0xfb5f, 0xfb4d, 0xfb34, 0xfb17, 0xfaf5, 0xfad0, 0xfaa9,
    0xfa80, 0xfa58, 0xfa31, 0xfa0b, 0xf9e9, 0xf9ca, 0xf9b1, 0xf99d, 0xf991, 0xf98d, 0xf98d, 0xaa08, 0xaa4e, 0xaab7,
    0xab37, 0xabc4, 0xac54, 0xacda, 0xad4e, 0xada7, 0xade4, 0xae08, 0xae16, 0xae10, 0xadf7, 0xadce, 0xad98, 0xad57,
    0xad0c, 0xacba, 0xac63, 0xac0a, 0xabb1, 0xab5a, 0xab07, 0xaaba, 0xaa77, 0xaa3e, 0xaa13, 0xa9f7, 0xa9ee, 0xa9ee,
    0x144b, 0x141e, 0x13c9, 0x134d, 0x12b4, 0x121a, 0x11a1, 0x1170, 0x1177, 0x118b, 0x11a9, 0x11d1, 0x1200, 0x1235,
    0x126c, 0x12a6, 0x12df, 0x1317, 0x134d, 0x137e, 0x13ab, 0x13d3, 0x13f5, 0x1411, 0x1429, 0x143b, 0x1449, 0x1452,
    0x1458, 0x1459, 0x1459, 0x14a3, 0x12f7, 0x109a, 0x0de6, 0x0b37, 0x08e8, 0x074b, 0x06af, 0x06c5, 0x0704, 0x0767,
    0x07eb, 0x088d, 0x0948, 0x0a19, 0x0afc, 0x0bed, 0x0ce7, 0x0de6, 0x0ee6, 0x0fe2, 0x10d6, 0x11bd, 0x1294, 0x1355,
    0x13fc, 0x1486, 0x14ed, 0x152f, 0x1545, 0x1545, 0xe9d4, 0xeaea, 0xec70, 0xee2b, 0xefe6, 0xf16a, 0xf27e, 0xf2e7,
    0xf2d8, 0xf2ae, 0xf26b, 0xf212, 0xf1a6, 0xf12a, 0xf0a1, 0xf00d, 0xef71, 0xeecf, 0xee2b, 0xed87, 0xece6, 0xec49,
    0xebb4, 0xeb2a, 0xeaad, 0xea40, 0xe9e7, 0xe9a3, 0xe978, 0xe969, 0xe969, 0x06e4, 0x06ee, 0x06fc, 0x070c, 0x071c,
    0x072a, 0x0733, 0x0737, 0x0737, 0x0735, 0x0733, 0x072f, 0x072c, 0x0727, 0x0722, 0x071d, 0x0717, 0x0712, 0x070c,
    0x0706, 0x0700, 0x06fb, 0x06f5, 0x06f0, 0x06ec, 0x06e8, 0x06e5, 0x06e3, 0x06e1, 0x06e1, 0x06e1, 0x0522, 0x051d,
    0x0516, 0x050e, 0x0506, 0x0500, 0x04fb, 0x04f9, 0x04f9, 0x04fa, 0x04fb, 0x04fd, 0x04ff, 0x0501, 0x0503, 0x0506,
    0x0509, 0x050b, 0x050e, 0x0511, 0x0514, 0x0517, 0x0519, 0x051c, 0x051e, 0x0520, 0x0522, 0x0523, 0x0523, 0x0524,
    0x0524, 0x3abc, 0x3aaf, 0x3a9c, 0x3a86, 0x3a71, 0x3a5e, 0x3a50, 0x3a4b, 0x3a4c, 0x3a4e, 0x3a51, 0x3a56, 0x3a5b,
    0x3a61, 0x3a68, 0x3a6f, 0x3a76, 0x3a7e, 0x3a86, 0x3a8e, 0x3a96, 0x3a9e, 0x3aa5, 0x3aac, 0x3ab2, 0x3ab7, 0x3abb,
    0x3abe, 0x3ac0, 0x3ac1, 0x3ac1, 0xfd22, 0xfd21, 0xfd1e, 0xfd19, 0xfd14, 0xfd0c, 0xfd05, 0xfcfd, 0xfcf7, 0xfcf2,
    0xfcef, 0xfcee, 0xfcef, 0xfcf1, 0xfcf4, 0xfcf8, 0xfcfc, 0xfd01, 0xfd07, 0xfd0c, 0xfd10, 0xfd14, 0xfd18, 0xfd1b,
    0xfd1e, 0xfd20, 0xfd21, 0xfd22, 0xfd23, 0xfd23, 0xfd23, 0x083e, 0x0804, 0x07b0, 0x0748, 0x06d6, 0x0662, 0x05f5,
    0x0597, 0x054f, 0x051d, 0x0500, 0x04f5, 0x04fa, 0x050e, 0x052f, 0x055b, 0x0590, 0x05cd, 0x060f, 0x0655, 0x069d,
    0x06e5, 0x072c, 0x076f, 0x07ad, 0x07e4, 0x0811, 0x0834, 0x084b, 0x0853, 0x0853, 0xaa8d, 0xaac1, 0xab0d, 0xab6b,
    0xabd2, 0xac3a, 0xac9d, 0xacf1, 0xad32, 0xad5e, 0xad79, 0xad83, 0xad7e, 0xad6c, 0xad4f, 0xad27, 0xacf7, 0xacc1,
    0xac85, 0xac46, 0xac05, 0xabc4, 0xab84, 0xab47, 0xab10, 0xaade, 0xaab5, 0xaa95, 0xaa81, 0xaa7a, 0xaa7a, 0x89ae,
    0x89ae, 0x09af, 0x09af, 0x09af, 0x09af, 0x09af, 0x09af, 0x09af, 0x09af, 0x09af, 0x09af, 0x09af, 0x09af, 0x09af,
    0x89af, 0x89af, 0x89af, 0x89ae, 0x89ae, 0x89ae, 0x89ae, 0x89ae, 0x89ae, 0x89ae, 0x89ae, 0x89ae, 0x89ae, 0x89ae,
    0x89ae, 0x89ae, 0x3d33, 0x3d33, 0x42cc, 0x42cc, 0x42cc, 0x42cc, 0x42cc, 0x42cc, 0x42cc, 0x42cc, 0x42cc, 0x42cc,
    0x42cc, 0x42cc, 0x42cc, 0x3d33, 0x3d33, 0x3d33, 0x3d33, 0x3d33, 0x3d33, 0x3d33, 0x3d33, 0x3d33, 0x3d33, 0x3d33,
    0x3d33, 0x3d33, 0x3d33, 0x3d33, 0x3d33, 0xf616, 0xf489, 0x7256, 0x6fcf, 0x6d49, 0x6b15, 0x6988, 0x68f2, 0x6959,
    0x6a6c, 0x6bfa, 0x6dd0, 0x6fb9, 0x7183, 0x72f8, 0xf3e5, 0xf473, 0xf4ed, 0xf554, 0xf5aa, 0xf5f0, 0xf628, 0xf654,
    0xf675, 0xf68c, 0xf69c, 0xf6a6, 0xf6aa, 0xf6ac, 0xf6ad, 0xf6ad, 0xd188, 0xd52a, 0xda62, 0xe076, 0xe69c, 0xec11,
    0xf021, 0xf224, 0xf2d7, 0xf365, 0xf3d2, 0xf421, 0xf457, 0xf478, 0xf488, 0xf48d, 0xf405, 0xf288, 0xf03c, 0xed47,
    0xe9d1, 0xe608, 0xe217, 0xde2c, 0xda75, 0xd71b, 0xd445, 0xd215, 0xd0ac, 0xd02c, 0xd02c, 0xfee4, 0xfe90, 0xfe0b,
    0xfd60, 0xfca4, 0xfbec, 0xfb4b, 0xfaca, 0xfa62, 0xfa07, 0xf9bb, 0xf97c, 0xf94b, 0xf927, 0xf912, 0xf90b, 0xf91c,
    0xf94c, 0xf99a, 0xfa05, 0xfa89, 0xfb23, 0xfbcb, 0xfc78, 0xfd21, 0xfdbd, 0xfe41, 0xfea8, 0xfeea, 0xff01, 0xff01,
    0xfb52, 0xfb81, 0xfbb3, 0xfbd2, 0xfbcc, 0xfb9e, 0xfb4d, 0xfae8, 0xfa7f, 0xfa1f, 0xf9c9, 0xf97f, 0xf942, 0xf916,
    0xf8fa, 0xf8f1, 0xf903, 0xf933, 0xf97b, 0xf9d1, 0xfa2b, 0xfa80, 0xfaca, 0xfb02, 0xfb28, 0xfb3c, 0xfb44, 0xfb43,
    0xfb40, 0xfb3e, 0xfb3e, 0x2f0d, 0x2f0d, 0x2f0e, 0x2f10, 0x2f12, 0x2f16, 0x2f1c, 0x2f23, 0x2f6b, 0x301d, 0x3114,
    0x322e, 0x3347, 0x343b, 0x34e7, 0x3529, 0x3512, 0x34d2, 0x3470, 0x33f3, 0x3361, 0x32c1, 0x321b, 0x3174, 0x30d5,
    0x3043, 0x2fc5, 0x2f64, 0x2f24, 0x2f0d, 0x2f0d, 0xfd83, 0xfd83, 0xfd83, 0xfd83, 0xfd83, 0xfd82, 0xfd82, 0xfd81,
    0xfd7b, 0xfd6d, 0xfd58, 0xfd3f, 0xfd27, 0xfd11, 0xfd01, 0xfcfb, 0xfcfd, 0xfd03, 0xfd0c, 0xfd17, 0xfd24, 0xfd33,
    0xfd41, 0xfd50, 0xfd5d, 0xfd6a, 0xfd74, 0xfd7c, 0xfd81, 0xfd83, 0xfd83, 0x03cf, 0x03d0, 0x03d0, 0x03d0, 0x03d0,
    0x03d0, 0x03d1, 0x03d1, 0x03d7, 0x03e5, 0x03f7, 0x040c, 0x0420, 0x0431, 0x043d, 0x0441, 0x0440, 0x043b, 0x0435,
    0x042c, 0x0422, 0x0417, 0x040b, 0x03ff, 0x03f3, 0x03e8, 0x03de, 0x03d6, 0x03d1, 0x03cf, 0x03cf, 0xd301, 0xd5bf,
    0xd9a6, 0xde26, 0xe2a6, 0xe68e, 0xe94b, 0xea54, 0xe3c9, 0xdd3e, 0xe521, 0xed05, 0xe60b, 0xd8e9, 0xd1ef, 0xd5d0,
    0xd9b0, 0xd346, 0xccdc, 0xd580, 0xe5e5, 0xee89, 0xec1c, 0xe5ef, 0xddc7, 0xd59f, 0xcf72, 0xcd05, 0xcd05, 0xcd05,
    0xcd05, 0xe9fa, 0xe96a, 0xe88f, 0xe77e, 0xe65a, 0xe54e, 0xe48f, 0xe454, 0xe499, 0xe522, 0xe5ca, 0xe66f, 0xe6ec,
    0xe71e, 0xe6b5, 0xe5b1, 0xe469, 0xe329, 0xe238, 0xe1d9, 0xe25d, 0xe39d, 0xe527, 0xe67b, 0xe70c, 0xe651, 0xe49e,
    0xe2a9, 0xe115, 0xe070, 0xe070, 0xf97a, 0xfa52, 0xfb77, 0xfcb3, 0xfdd1, 0xfea7, 0xff16, 0xff09, 0xfe92, 0xfde9,
    0xfd2e, 0xfc7f, 0xfbfe, 0xfbcb, 0xfc40, 0xfd68, 0xfef0, 0x007f, 0x01b6, 0x0233, 0x0186, 0xffeb, 0xfe0b, 0xfc81,
    0xfbdf, 0xfcb0, 0xfeaf, 0x0122, 0x033a, 0x041d, 0x041d, 0xf45e, 0xf2ac, 0xf030, 0xed33, 0xea05, 0xe6fa, 0xe46b,
    0xe2ac, 0xe1ae, 0xe117, 0xe0ca, 0xe0ae, 0xe0ae, 0xe0b2, 0xe0ff, 0xe1b8, 0xe29e, 0xe378, 0xe417, 0xe454, 0xe3ff,
    0xe329, 0xe21a, 0xe128, 0xe0bf, 0xe146, 0xe279, 0xe3cc, 0xe4d1, 0xe539, 0xe539, 0x1b8b, 0x14eb, 0x08e1, 0xf85a,
    0xe8d8, 0xde6c, 0xd8c9, 0xd6f4, 0xd6f4, 0xd6f4, 0xd6f4, 0xd6f4, 0xd6f4, 0xd6f4, 0xd6f4, 0xd6f4, 0xd6f4, 0xd6f4,
    0xd6f4, 0xd6f4, 0xd6f4, 0xd6f4, 0xd6f4, 0xd6f4, 0xd6f4, 0xd6f4, 0xd6f4, 0xd6f4, 0xd6f4, 0xd6f4, 0xd6f4, 0x00ad,
    0x04f6, 0x098b, 0x0a3f, 0x0527, 0xfdde, 0xf853, 0xf643, 0xf643, 0xf643, 0xf643, 0xf643, 0xf643, 0xf643, 0xf643,
    0xf643, 0xf643, 0xf643, 0xf643, 0xf643, 0xf643, 0xf643, 0xf643, 0xf643, 0xf643, 0xf643, 0xf643, 0xf643, 0xf643,
    0xf643, 0xf643, 0xed0a, 0xe71e, 0xdc1b, 0xccd0, 0xbe96, 0xb556, 0xb08d, 0xaf0e, 0xaf0e, 0xaf0e, 0xaf0e, 0xaf0e,
    0xaf0e, 0xaf0e, 0xaf0e, 0xaf0e, 0xaf0e, 0xaf0e, 0xaf0e, 0xaf0e, 0xaf0e, 0xaf0e, 0xaf0e, 0xaf0e, 0xaf0e, 0xaf0e,
    0xaf0e, 0xaf0e, 0xaf0e, 0xaf0e, 0xaf0e, 0x0f2b, 0x0f93, 0x1035, 0x1106, 0x11ef, 0x12cf, 0x1378, 0x13bc, 0x139a,
    0x1343, 0x12d0, 0x125c, 0x1204, 0x11e1, 0x1229, 0x12d7, 0x13af, 0x147c, 0x1513, 0x154e, 0x14fc, 0x1431, 0x1332,
    0x124f, 0x11ed, 0x126b, 0x138c, 0x14cc, 0x15c6, 0x162a, 0x162a, 0x07ab, 0x06bd, 0x0573, 0x0405, 0x02ab, 0x0192,
    0x00e2, 0x00b9, 0x011a, 0x01d4, 0x02b8, 0x0395, 0x043e, 0x0481, 0x03f8, 0x029d, 0x00d6, 0xff09, 0xfda4, 0xfd15,
    0xfddc, 0xffb2, 0x01df, 0x03ab, 0x046a, 0x0374, 0x0121, 0xfe4d, 0xfbe9, 0xfae7, 0xfae7, 0xf7e5, 0xf645, 0xf3e5,
    0xf10e, 0xee0c, 0xeb2d, 0xe8c4, 0xe71f, 0xe62d, 0xe595, 0xe541, 0xe51b, 0xe510, 0xe511, 0xe55f, 0xe61f, 0xe710,
    0xe7f8, 0xe8a4, 0xe8e7, 0xe88a, 0xe7a4, 0xe685, 0xe58a, 0xe51e, 0xe5a9, 0xe6ea, 0xe853, 0xe972, 0xe9e6, 0xe9e6,
    0xf5a7, 0xfb5e, 0x03eb, 0x0e05, 0x1809, 0x207c, 0x2646, 0x286e, 0x286e, 0x286e, 0x286e, 0x286e, 0x286e, 0x286e,
    0x286e, 0x286e, 0x286e, 0x286e, 0x286e, 0x286e, 0x286e, 0x286e, 0x286e, 0x286e, 0x286e, 0x286e, 0x286e, 0x286e,
    0x286e, 0x286e, 0x286e, 0x09b6, 0x0a6b, 0x0c51, 0x0fc9, 0x1456, 0x18c0, 0x1be5, 0x1d10, 0x1d10, 0x1d10, 0x1d10,
    0x1d10, 0x1d10, 0x1d10, 0x1d10, 0x1d10, 0x1d10, 0x1d10, 0x1d10, 0x1d10, 0x1d10, 0x1d10, 0x1d10, 0x1d10, 0x1d10,
    0x1d10, 0x1d10, 0x1d10, 0x1d10, 0x1d10, 0x1d10, 0xce7b, 0xcb2a, 0xc663, 0xc13d, 0xbcf9, 0xba4c, 0xb912, 0xb8c1,
    0xb8c1, 0xb8c1, 0xb8c1, 0xb8c1, 0xb8c1, 0xb8c1, 0xb8c1, 0xb8c1, 0xb8c1, 0xb8c1, 0xb8c1, 0xb8c1, 0xb8c1, 0xb8c1,
    0xb8c1, 0xb8c1, 0xb8c1, 0xb8c1, 0xb8c1, 0xb8c1, 0xb8c1, 0xb8c1, 0xb8c1,
};

JointIndex gMiniblinSkelLaughAnimJointIndices[28] = {
    {
        0x0000,
        0x0001,
        0x0002,
    },
    {
        0x0003,
        0x0004,
        0x0005,
    },
    {
        0x0006,
        0x0006,
        0x001d,
    },
    {
        0x0007,
        0x0008,
        0x003c,
    },
    {
        0x005b,
        0x007a,
        0x0099,
    },
    {
        0x00b8,
        0x00d7,
        0x00f6,
    },
    {
        0x0115,
        0x0134,
        0x0153,
    },
    {
        0x0172,
        0x0191,
        0x01b0,
    },
    {
        0x0009,
        0x000a,
        0x000b,
    },
    {
        0x01cf,
        0x01ee,
        0x020d,
    },
    {
        0x022c,
        0x024b,
        0x026a,
    },
    {
        0x0289,
        0x02a8,
        0x02c7,
    },
    {
        0x000c,
        0x000d,
        0x000e,
    },
    {
        0x02e6,
        0x0305,
        0x0324,
    },
    {
        0x0343,
        0x0362,
        0x0381,
    },
    {
        0x03a0,
        0x03bf,
        0x03de,
    },
    {
        0x03fd,
        0x041c,
        0x043b,
    },
    {
        0x045a,
        0x0479,
        0x0498,
    },
    {
        0x04b7,
        0x04d6,
        0x04f5,
    },
    {
        0x000f,
        0x0010,
        0x0514,
    },
    {
        0x0011,
        0x0012,
        0x0013,
    },
    {
        0x0533,
        0x0552,
        0x0571,
    },
    {
        0x0590,
        0x05af,
        0x05ce,
    },
    {
        0x0014,
        0x0015,
        0x0016,
    },
    {
        0x0017,
        0x0018,
        0x0019,
    },
    {
        0x05ed,
        0x060c,
        0x062b,
    },
    {
        0x064a,
        0x0669,
        0x0688,
    },
    {
        0x001a,
        0x001b,
        0x001c,
    },
};

AnimationHeader gMiniblinSkelLaughAnim = {
    { 31 }, gMiniblinSkelLaughAnimFrameData, gMiniblinSkelLaughAnimJointIndices, 29
};

/* ---- gMiniblinTailAttackAnim.c ---- */
s16 gMiniblinSkelTailattackAnimFrameData[3696] = {
    0xfeb7, 0xfb66, 0xf714, 0xf2be, 0xef60, 0xedf7, 0xf020, 0xf56a, 0xfbc4, 0x0119, 0x0356, 0x0356, 0x0356, 0x0356,
    0x0356, 0x0356, 0x0356, 0x0356, 0x0356, 0x0356, 0x0356, 0x0356, 0x0356, 0x0356, 0x0356, 0x0356, 0x0356, 0x0356,
    0x0356, 0x005a, 0xf99e, 0xf273, 0xee2b, 0xef20, 0xf3d4, 0xf9d2, 0xfea5, 0x0087, 0x0070, 0x000b, 0x000b, 0x000b,
    0x000b, 0x000b, 0x0164, 0x0164, 0x0164, 0x0164, 0x0164, 0x0164, 0x0164, 0x0164, 0x0164, 0x0164, 0x0164, 0x015f,
    0x0151, 0x013c, 0x011f, 0x00fe, 0x00d8, 0x00ae, 0x0082, 0x0055, 0x0028, 0xfffd, 0xffd3, 0xffad, 0xff8b, 0xff6f,
    0xff59, 0xff4c, 0xff47, 0xff8d, 0x0090, 0x029d, 0x05fc, 0x0aa3, 0x0f23, 0x11b9, 0x10a0, 0x0b1b, 0x048e, 0x0164,
    0x0164, 0x0164, 0x0164, 0x0164, 0xe935, 0xebdb, 0xefd3, 0xf4c0, 0xfa44, 0x0002, 0x059e, 0x0ab6, 0x0ede, 0x11ab,
    0x12b2, 0x12b2, 0x12b2, 0x12b2, 0x12b2, 0x12b2, 0x12b2, 0x12b2, 0x12b2, 0x12b2, 0x12b2, 0x12b2, 0x12b2, 0x12b2,
    0x12b2, 0x12b2, 0x12b2, 0x12b2, 0x12b2, 0x1022, 0x09bd, 0x0172, 0xf92e, 0xf287, 0xedab, 0xea6c, 0xe89f, 0xe804,
    0xe816, 0xe83e, 0xe83e, 0xe83e, 0xe83e, 0xe83e, 0x3e7c, 0x3776, 0x2c38, 0x1ddc, 0x0e28, 0xfde7, 0xec56, 0xd9a6,
    0xc920, 0xbe6c, 0xbab8, 0xbab8, 0xbab8, 0xbab8, 0xbab8, 0xbab8, 0xbab8, 0xbab8, 0xbab8, 0xbab8, 0xbab8, 0xbab8,
    0xbab8, 0xbab8, 0xbab8, 0xbab8, 0xbab8, 0xbab8, 0xbab8, 0xc17b, 0xd59a, 0xf133, 0x0a38, 0x1df7, 0x2c11, 0x3520,
    0x3ab8, 0x3e3f, 0x4042, 0x40ea, 0x40ea, 0x40ea, 0x40ea, 0x40ea, 0xe447, 0xe4b4, 0xe6ad, 0xebc5, 0xf509, 0x01b2,
    0x0ea4, 0x179c, 0x1b3a, 0x1bb7, 0x1b90, 0x1b90, 0x1b90, 0x1b90, 0x1b90, 0x1b90, 0x1b90, 0x1b90, 0x1b90, 0x1b90,
    0x1b90, 0x1b90, 0x1b90, 0x1b90, 0x1b90, 0x1b90, 0x1b90, 0x1b90, 0x1b90, 0x1bb8, 0x18d8, 0x0b69, 0xf7ea, 0xebb8,
    0xe6b7, 0xe4fb, 0xe46f, 0xe449, 0xe444, 0xe445, 0xe445, 0xe445, 0xe445, 0xe445, 0xc0f3, 0xc558, 0xcc24, 0xd3d4,
    0xd9cb, 0xdbaf, 0xd817, 0xcf76, 0xc5b6, 0xbf02, 0xbcae, 0xbcae, 0xbcae, 0xbcae, 0xbcae, 0xbcae, 0xbcae, 0xbcae,
    0xbcae, 0xbcae, 0xbcae, 0xbcae, 0xbcae, 0xbcae, 0xbcae, 0xbcae, 0xbcae, 0xbcae, 0xbcae, 0xc0ee, 0xcd31, 0xd99f,
    0xdab5, 0xd3c7, 0xcc3b, 0xc6cb, 0xc350, 0xc119, 0xbfd5, 0xbf6c, 0xbf6c, 0xbf6c, 0xbf6c, 0xbf6c, 0x002a, 0x0085,
    0x00df, 0x0107, 0x0103, 0x00fa, 0x00eb, 0x00d7, 0x00c0, 0x00a6, 0x008a, 0x006d, 0x0050, 0x0033, 0x0018, 0x0000,
    0xffea, 0xffd9, 0xffcb, 0xffc0, 0xffb8, 0xffb2, 0xffaf, 0xffae, 0xffaf, 0xffb2, 0xffb6, 0xffbb, 0xffc1, 0xffc8,
    0xffcf, 0xffd7, 0xffde, 0xffe6, 0xffec, 0xfff2, 0xfff8, 0xfffc, 0xfffe, 0x0000, 0x0000, 0x0000, 0x0000, 0x0000,
    0x0034, 0x00a8, 0x011e, 0x0154, 0x014f, 0x0142, 0x012e, 0x0114, 0x00f5, 0x00d3, 0x00af, 0x0089, 0x0064, 0x0040,
    0x001e, 0xffff, 0xffe5, 0xffd0, 0xffbf, 0xffb2, 0xffa8, 0xffa2, 0xff9e, 0xff9d, 0xff9e, 0xffa1, 0xffa6, 0xffac,
    0xffb3, 0xffbc, 0xffc5, 0xffce, 0xffd7, 0xffe0, 0xffe8, 0xfff0, 0xfff6, 0xfffb, 0xfffe, 0x0000, 0x0000, 0x0000,
    0x0000, 0x0000, 0xffb4, 0xff10, 0xfe6d, 0xfe23, 0xfe29, 0xfe3b, 0xfe57, 0xfe7b, 0xfea5, 0xfed5, 0xff07, 0xff3c,
    0xff71, 0xffa4, 0xffd4, 0x0000, 0x0025, 0x0043, 0x005c, 0x006f, 0x007e, 0x0087, 0x008d, 0x008f, 0x008d, 0x0088,
    0x0081, 0x0078, 0x006d, 0x0061, 0x0055, 0x0047, 0x003a, 0x002d, 0x0021, 0x0016, 0x000d, 0x0006, 0x0002, 0xffff,
    0xffff, 0xffff, 0xffff, 0xffff, 0xff0b, 0x02ab, 0x085f, 0x106e, 0x1aff, 0x261f, 0x2c8e, 0x1853, 0xfd3c, 0xe180,
    0xcc01, 0xccb8, 0xce37, 0xd059, 0xd2f4, 0xd5dd, 0xd8ed, 0xdc03, 0xdf0a, 0xe1f1, 0xe4b3, 0xe74c, 0xe9ba, 0xebfe,
    0xee19, 0xf00c, 0xf1da, 0xf384, 0xf50e, 0xf678, 0xf7c2, 0xf8ef, 0xf9fd, 0xfaed, 0xfbbd, 0xfc6d, 0xfcf9, 0xfd61,
    0xfda1, 0xfdb7, 0xfdb7, 0xfdb7, 0xfdb7, 0xfdb7, 0xfd35, 0xf67a, 0xed22, 0xe352, 0xdb62, 0xd6ba, 0xd4f6, 0xdc79,
    0x009d, 0x240f, 0x2b7e, 0x2ba0, 0x2b81, 0x2b21, 0x2a80, 0x299e, 0x287d, 0x2722, 0x2594, 0x23d7, 0x21f1, 0x1fe5,
    0x1db7, 0x1b6e, 0x1911, 0x16a6, 0x1435, 0x11c7, 0x0f63, 0x0d12, 0x0ada, 0x08c4, 0x06d6, 0x0517, 0x038e, 0x023f,
    0x0131, 0x0069, 0xffec, 0xffc2, 0xffc2, 0xffc2, 0xffc2, 0xffc2, 0x10be, 0x1013, 0x0df7, 0x095e, 0x01ae, 0xf8a1,
    0xf34f, 0x0439, 0x10d1, 0x02e2, 0xf103, 0xf1e8, 0xf35d, 0xf548, 0xf783, 0xf9ec, 0xfc62, 0xfecc, 0x011b, 0x0343,
    0x053f, 0x070c, 0x08a9, 0x0a16, 0x0b55, 0x0c69, 0x0d54, 0x0e1a, 0x0ebf, 0x0f46, 0x0fb2, 0x1007, 0x1049, 0x107a,
    0x109d, 0x10b6, 0x10c6, 0x10d0, 0x10d6, 0x10d7, 0x10d7, 0x10d7, 0x10d7, 0x10d7, 0xbef3, 0xbf89, 0xc07c, 0xc0fe,
    0xc116, 0xc116, 0xc116, 0xc116, 0xc116, 0xc0d3, 0xc024, 0xbf2d, 0xbe0d, 0xbcef, 0xbc0b, 0xbbad, 0xbbad, 0xbbad,
    0xbbad, 0xbbad, 0xbbad, 0xbb66, 0xbaa3, 0xb985, 0xb82b, 0xb6b3, 0xb53d, 0xb3e6, 0xb2ce, 0xb20f, 0xb1c8, 0xb1c9,
    0xb1e8, 0xb24b, 0xb317, 0xb644, 0xbcb8, 0xc505, 0xcd9b, 0xd1dc, 0xced6, 0xc82e, 0xc1bd, 0xbef3, 0x0e88, 0x0bfa,
    0x0642, 0x007c, 0xfddf, 0xfddf, 0xfddf, 0xfddf, 0xfddf, 0xff2a, 0x0289, 0x072d, 0x0c3d, 0x10dc, 0x1433, 0x157c,
    0x157c, 0x157c, 0x157c, 0x157c, 0x157c, 0x1573, 0x1559, 0x1533, 0x1501, 0x14c9, 0x148d, 0x1454, 0x1424, 0x1402,
    0x13f5, 0x1412, 0x1452, 0x1491, 0x14a9, 0x1450, 0x1354, 0x11de, 0x1141, 0x115b, 0x1163, 0x10d3, 0x0f6c, 0x0e88,
    0x01a6, 0x031c, 0x0626, 0x0905, 0x0a4a, 0x0a4a, 0x0a4a, 0x0a4a, 0x0a4a, 0x0a44, 0x0a2b, 0x09f0, 0x098b, 0x0909,
    0x088f, 0x0859, 0x0859, 0x0859, 0x0859, 0x0859, 0x0859, 0x0847, 0x0817, 0x07d1, 0x077e, 0x0726, 0x06cf, 0x0681,
    0x0642, 0x0616, 0x0602, 0x05eb, 0x05c5, 0x05b2, 0x05d3, 0x077e, 0x0adb, 0x0e48, 0x10dd, 0x120b, 0x0f68, 0x099b,
    0x0409, 0x01a6, 0xff8b, 0xffc6, 0x00ed, 0x02f3, 0x0423, 0x0423, 0x0423, 0x0423, 0x0423, 0x039e, 0x024d, 0x009f,
    0xff13, 0xfe04, 0xfd7b, 0xfd54, 0xfd54, 0xfd54, 0xfd54, 0xfd54, 0xfd54, 0xfd27, 0xfcab, 0xfbf4, 0xfb16, 0xfa24,
    0xf932, 0xf853, 0xf79b, 0xf71e, 0xf6f0, 0xf8ca, 0xfcb8, 0x0052, 0x0145, 0x00ac, 0x0196, 0x0272, 0x0272, 0x0272,
    0x0da4, 0x090c, 0x025c, 0xff8b, 0x005f, 0xfe71, 0xfa45, 0xf66e, 0xf4de, 0xf4de, 0xf4de, 0xf4de, 0xf4de, 0xf501,
    0xf581, 0xf685, 0xf802, 0xf99f, 0xfae2, 0xfb61, 0xfb61, 0xfb61, 0xfb61, 0xfb61, 0xfb61, 0xfb89, 0xfbf7, 0xfc9a,
    0xfd5e, 0xfe34, 0xff09, 0xffcc, 0x006e, 0x00da, 0x0102, 0xffe7, 0xfce3, 0xf891, 0xf3c5, 0xef80, 0xec9d, 0xebba,
    0xebba, 0xebba, 0xeb55, 0xf047, 0xfa8f, 0x005f, 0x00b5, 0xfcfb, 0xf48e, 0xebda, 0xe7d5, 0xe7d5, 0xe7d5, 0xe7d5,
    0xe7d5, 0xea32, 0xf067, 0xf90d, 0x0277, 0x0ae4, 0x10d5, 0x1313, 0x1313, 0x1313, 0x1313, 0x1313, 0x1313, 0x1311,
    0x130b, 0x1300, 0x12ee, 0x12d7, 0x12ba, 0x129c, 0x1280, 0x126b, 0x1263, 0x12fc, 0x1419, 0x14d0, 0x14ba, 0x0d61,
    0xff8e, 0xf812, 0xf812, 0xf812, 0xf309, 0xf789, 0xfe05, 0x00b5, 0x4e56, 0x4e1d, 0x4d9a, 0x4d0e, 0x4ccc, 0x4ccc,
    0x4ccc, 0x4ccc, 0x4ccc, 0x4ccc, 0x4ccc, 0x4d39, 0x4df7, 0x4e56, 0x4e56, 0x4e54, 0x4e4f, 0x4e46, 0x4e38, 0x4e23,
    0x4e07, 0x4de0, 0x4daf, 0x4d71, 0x4d24, 0x4cc7, 0x4c56, 0x4bd0, 0x4b32, 0x4a76, 0x499b, 0x485c, 0x46c7, 0x4560,
    0x44c5, 0x455a, 0x462d, 0x4688, 0x481c, 0x4ae9, 0x4cd9, 0x4de0, 0x4e45, 0x4e56, 0x0450, 0x0564, 0x07c1, 0x0a1d,
    0x0b2e, 0x0b2e, 0x0b2e, 0x0b2e, 0x0b2e, 0x0b2e, 0x0b2e, 0x0968, 0x0619, 0x0450, 0x0452, 0x0458, 0x0465, 0x047e,
    0x04a5, 0x04de, 0x052b, 0x0590, 0x0610, 0x06ae, 0x076d, 0x0851, 0x095b, 0x0a8f, 0x0bf0, 0x0d7f, 0x0f3e, 0x1158,
    0x1390, 0x154e, 0x1603, 0x1251, 0x0988, 0xff30, 0xf691, 0xf2e6, 0xf59b, 0xfb97, 0x0199, 0x0450, 0xc040, 0xc011,
    0xbfa5, 0xbf2f, 0xbef6, 0xbef6, 0xbef6, 0xbef6, 0xbef6, 0xbef6, 0xbef6, 0xbf54, 0xbff2, 0xc040, 0xc03c, 0xc030,
    0xc01d, 0xc002, 0xbfe0, 0xbfb7, 0xbf87, 0xbf50, 0xbf12, 0xbecd, 0xbe7f, 0xbe29, 0xbdc9, 0xbd5d, 0xbce3, 0xbc59,
    0xbbba, 0xbafb, 0xba24, 0xb968, 0xb916, 0xba8e, 0xbd70, 0xc006, 0xc141, 0xc11f, 0xc0b3, 0xc06d, 0xc04c, 0xc040,
    0x0146, 0x0378, 0x085c, 0x0d50, 0x0f92, 0x0f92, 0x0f92, 0x0f92, 0x0f92, 0x0f92, 0x0f92, 0x0bee, 0x051e, 0x0146,
    0x00e6, 0x0094, 0x004f, 0x0015, 0xffe3, 0xffba, 0xff99, 0xff7e, 0xff69, 0xff58, 0xff4c, 0xff43, 0xff3d, 0xff39,
    0xff37, 0xff37, 0xff37, 0xffd7, 0x0149, 0x02ce, 0x0385, 0x0385, 0x0385, 0x0385, 0x0385, 0x0385, 0x0733, 0x059d,
    0x02c0, 0x0146, 0xff3f, 0xffed, 0x014a, 0x0270, 0x02e1, 0x02e1, 0x02e1, 0x02e1, 0x02e1, 0x02e1, 0x02e1, 0x023e,
    0x00a5, 0xff3f, 0xfe97, 0xfe01, 0xfd7d, 0xfd0a, 0xfca6, 0xfc52, 0xfc0a, 0xfbd0, 0xfba0, 0xfb7b, 0xfb5f, 0xfb4a,
    0xfb3d, 0xfb34, 0xfb2f, 0xfb2d, 0xfb2d, 0xfbed, 0xfd88, 0xff0f, 0xffba, 0xffba, 0xffba, 0xffba, 0xffba, 0xffba,
    0x01a4, 0x0129, 0x0001, 0xff3f, 0x02ec, 0x03a1, 0x0551, 0x0729, 0x080a, 0x080a, 0x080a, 0x080a, 0x080a, 0x080a,
    0x080a, 0x06d0, 0x0487, 0x02ec, 0x0218, 0x015f, 0x00be, 0x0032, 0xffba, 0xff54, 0xfeff, 0xfeba, 0xfe82, 0xfe55,
    0xfe34, 0xfe1b, 0xfe0a, 0xfdff, 0xfdf9, 0xfdf7, 0xfdf6, 0xfee1, 0x00f0, 0x030b, 0x0404, 0x0404, 0x0404, 0x0404,
    0x0404, 0x0404, 0x0c7c, 0x09fa, 0x055c, 0x02ec, 0xa4fc, 0xa3e8, 0xa1a3, 0x9e13, 0x9a1e, 0x97d4, 0x97b2, 0x986b,
    0x9975, 0x9a73, 0x9b2c, 0x9bb2, 0x9c2f, 0x9ca5, 0x9d15, 0x9d7f, 0x9de6, 0x9e4a, 0x9eac, 0x9f0d, 0x9f6d, 0x9fce,
    0xa02f, 0xa091, 0xa0f5, 0xa159, 0xa1bd, 0xa222, 0xa285, 0xa2e8, 0xa347, 0xa3a3, 0xa3f9, 0xa449, 0xa491, 0xa4cf,
    0xa502, 0xa527, 0xa53f, 0xa547, 0xa547, 0xa547, 0xa547, 0xa547, 0x09b3, 0x0e7e, 0x148b, 0x1a0f, 0x1d71, 0x1dbd,
    0x19fe, 0x130c, 0x0b11, 0x045d, 0x0124, 0x0070, 0xffe3, 0xff7b, 0xff36, 0xff10, 0xff07, 0xff18, 0xff41, 0xff80,
    0xffd1, 0x0034, 0x00a4, 0x0120, 0x01a4, 0x022f, 0x02bf, 0x0350, 0x03e1, 0x046f, 0x04f9, 0x057c, 0x05f6, 0x0666,
    0x06ca, 0x0720, 0x0765, 0x079a, 0x07bb, 0x07c6, 0x07c6, 0x07c6, 0x07c6, 0x07c6, 0x24d3, 0x2182, 0x1c75, 0x1630,
    0x1006, 0x0c56, 0x0b4b, 0x0b19, 0x0b47, 0x0ba4, 0x0c39, 0x0cfd, 0x0dd0, 0x0eb1, 0x0f9f, 0x109a, 0x11a0, 0x12b0,
    0x13c9, 0x14e9, 0x160e, 0x1738, 0x1864, 0x1990, 0x1abc, 0x1be4, 0x1d07, 0x1e23, 0x1f35, 0x203c, 0x2136, 0x2220,
    0x22f7, 0x23b9, 0x2465, 0x24f6, 0x256c, 0x25c3, 0x25f9, 0x260b, 0x260b, 0x260b, 0x260b, 0x260b, 0xf159, 0xf5ec,
    0xfc9f, 0x041d, 0x0a96, 0x0e86, 0x1045, 0x1121, 0x1167, 0x115b, 0x113b, 0x112a, 0x111e, 0x1117, 0x1113, 0x110f,
    0x1109, 0x1101, 0x10f4, 0x10df, 0x10c3, 0x109b, 0x1066, 0x1023, 0x0fcf, 0x0f67, 0x0eea, 0x0e55, 0x0da6, 0x0c4b,
    0x09de, 0x069f, 0x02df, 0xfef5, 0xfb34, 0xf7db, 0xf4d8, 0xf239, 0xf060, 0xefad, 0xefad, 0xefad, 0xefad, 0xefad,
    0xe540, 0xe3d1, 0xe296, 0xe24f, 0xe31e, 0xe491, 0xe5fb, 0xe711, 0xe7d5, 0xe84a, 0xe86e, 0xe867, 0xe85c, 0xe84d,
    0xe839, 0xe822, 0xe807, 0xe7e7, 0xe7c3, 0xe79b, 0xe76e, 0xe73d, 0xe707, 0xe6ce, 0xe68f, 0xe64d, 0xe607, 0xe5bd,
    0xe570, 0xe50e, 0xe4a2, 0xe456, 0xe449, 0xe480, 0xe4e1, 0xe537, 0xe578, 0xe5b3, 0xe5dc, 0xe5eb, 0xe5eb, 0xe5eb,
    0xe5eb, 0xe5eb, 0xe62b, 0xe25e, 0xdcdf, 0xd6f2, 0xd254, 0xd07f, 0xd0a1, 0xd115, 0xd1a7, 0xd230, 0xd28c, 0xd2bf,
    0xd2e7, 0xd305, 0xd31a, 0xd329, 0xd333, 0xd33a, 0xd33f, 0xd345, 0xd34d, 0xd359, 0xd36c, 0xd386, 0xd3ab, 0xd3db,
    0xd41b, 0xd46b, 0xd4cf, 0xd610, 0xd8a8, 0xdc1a, 0xdfdd, 0xe35d, 0xe60e, 0xe774, 0xe7d1, 0xe7d1, 0xe7aa, 0xe791,
    0xe791, 0xe791, 0xe791, 0xe791, 0xf96f, 0xf883, 0xf75c, 0xf63e, 0xf566, 0xf505, 0xf3eb, 0xf1a1, 0xef5b, 0xedd4,
    0xed4b, 0xed5a, 0xed85, 0xedca, 0xee26, 0xee97, 0xef1a, 0xefad, 0xf04d, 0xf0f5, 0xf1a3, 0xf252, 0xf2fc, 0xf39d,
    0xf42f, 0xf4ab, 0xf50b, 0xf549, 0xf55e, 0xf4d8, 0xf385, 0xf1ca, 0xf003, 0xee7b, 0xed6d, 0xed07, 0xef29, 0xf3b9,
    0xf7ff, 0xf9d0, 0xf9d0, 0xf9d0, 0xf9d0, 0xf9d0, 0x06b5, 0x08e1, 0x0bc0, 0x0eac, 0x10f6, 0x11ec, 0x112c, 0x0f11,
    0x0c3a, 0x09a7, 0x088a, 0x08a0, 0x08e1, 0x0946, 0x09ca, 0x0a66, 0x0b16, 0x0bd3, 0x0c97, 0x0d5d, 0x0e20, 0x0edb,
    0x0f89, 0x1026, 0x10af, 0x111f, 0x1173, 0x11a8, 0x11bb, 0x116b, 0x1095, 0x0f5b, 0x0dea, 0x0c84, 0x0b72, 0x0b06,
    0x0a8d, 0x090d, 0x06f7, 0x05da, 0x05da, 0x05da, 0x05da, 0x05da, 0x40c3, 0x41ac, 0x42cd, 0x43de, 0x44a5, 0x44ed,
    0x42c3, 0x3dca, 0x3827, 0x33ae, 0x31e0, 0x31f3, 0x322c, 0x3284, 0x32fa, 0x338a, 0x342f, 0x34e7, 0x35ac, 0x367b,
    0x374f, 0x3823, 0x38f0, 0x39b0, 0x3a5c, 0x3aef, 0x3b60, 0x3ba9, 0x3bc2, 0x3b14, 0x395a, 0x370f, 0x34a8, 0x3289,
    0x310a, 0x3079, 0x3313, 0x38b1, 0x3e0f, 0x4063, 0x4063, 0x4063, 0x4063, 0x4063, 0x03c6, 0x03c7, 0x03c8, 0x03c7,
    0x03c3, 0x03bb, 0x03ae, 0x039c, 0x0384, 0x0369, 0x034c, 0x0330, 0x0316, 0x02fe, 0x02e6, 0x02cd, 0x02b3, 0x0298,
    0x027c, 0x025f, 0x0240, 0x021f, 0x01fd, 0x01d9, 0x01b5, 0x0190, 0x016b, 0x0147, 0x0124, 0x014a, 0x01e8, 0x02d3,
    0x03dd, 0x04d2, 0x0585, 0x05c9, 0x0577, 0x04bd, 0x040d, 0x03c5, 0x03c5, 0x03c5, 0x03c5, 0x03c5, 0xf968, 0xf902,
    0xf867, 0xf7a1, 0xf6bd, 0xf5c6, 0xf4c9, 0xf3d1, 0xf2ea, 0xf221, 0xf180, 0xf113, 0xf0e7, 0xf0ec, 0xf10c, 0xf145,
    0xf192, 0xf1f3, 0xf265, 0xf2e5, 0xf371, 0xf406, 0xf4a2, 0xf544, 0xf5e8, 0xf68e, 0xf732, 0xf7d3, 0xf870, 0xf903,
    0xf981, 0xf9da, 0xfa05, 0xfa0a, 0xf9fa, 0xf9f0, 0xf9fb, 0xf9f0, 0xf9b5, 0xf98d, 0xf98d, 0xf98d, 0xf98d, 0xf98d,
    0xaa00, 0xaa33, 0xaa84, 0xaaee, 0xab6c, 0xabfc, 0xac98, 0xad3d, 0xade5, 0xae8d, 0xaf2e, 0xafc5, 0xb04a, 0xb0b9,
    0xb113, 0xb15c, 0xb199, 0xb1cf, 0xb202, 0xb236, 0xb271, 0xb2b6, 0xb30a, 0xb372, 0xb3f2, 0xb48f, 0xb54d, 0xb632,
    0xb742, 0xb91e, 0xbc15, 0xbfa7, 0xc352, 0xc690, 0xc8dd, 0xc9bd, 0xc4d4, 0xb9cf, 0xaed0, 0xa9ee, 0xa9ee, 0xa9ee,
    0xa9ee, 0xa9ee, 0x5d00, 0x5d30, 0x5d6a, 0x5da0, 0x5dc8, 0x5dd8, 0x5dd7, 0x5dd6, 0x5dd3, 0x5dd0, 0x5dcb, 0x5dc6,
    0x5dc1, 0x5dba, 0x5db3, 0x5dab, 0x5da3, 0x5d9a, 0x5d91, 0x5d87, 0x5d7e, 0x5d74, 0x5d6a, 0x5d5f, 0x5d55, 0x5d4b,
    0x5d40, 0x5d36, 0x5d2c, 0x5d23, 0x5d1a, 0x5d11, 0x5d09, 0x5d02, 0x5cfc, 0x5cf6, 0x5cf2, 0x5cef, 0x5ced, 0x5cec,
    0x5cec, 0x5cec, 0x5cec, 0x5cec, 0xecef, 0xf043, 0xf49c, 0xf8f6, 0xfc4b, 0xfd9e, 0xfd92, 0xfd70, 0xfd39, 0xfcef,
    0xfc92, 0xfc24, 0xfba7, 0xfb1b, 0xfa83, 0xf9e0, 0xf932, 0xf87c, 0xf7be, 0xf6fb, 0xf633, 0xf568, 0xf49c, 0xf3d0,
    0xf306, 0xf23e, 0xf17b, 0xf0bd, 0xf007, 0xef59, 0xeeb6, 0xee1e, 0xed92, 0xed15, 0xeca7, 0xec4a, 0xec00, 0xebc9,
    0xeba7, 0xeb9b, 0xeb9b, 0xeb9b, 0xeb9b, 0xeb9b, 0x2662, 0x264e, 0x263b, 0x262f, 0x262a, 0x2628, 0x2628, 0x2629,
    0x2629, 0x2629, 0x2629, 0x262a, 0x262a, 0x262b, 0x262c, 0x262d, 0x262e, 0x2630, 0x2632, 0x2634, 0x2636, 0x2638,
    0x263b, 0x263e, 0x2641, 0x2644, 0x2648, 0x264c, 0x264f, 0x2653, 0x2657, 0x265a, 0x265e, 0x2661, 0x2664, 0x2666,
    0x2668, 0x266a, 0x266b, 0x266b, 0x266b, 0x266b, 0x266b, 0x266b, 0x1388, 0x1187, 0x0f0e, 0x0ca8, 0x0a6f, 0x0812,
    0x05aa, 0x036d, 0x015b, 0xff74, 0xfdb9, 0xfc28, 0xfabf, 0xf97d, 0xf85e, 0xf762, 0xf686, 0xf5c7, 0xf523, 0xf498,
    0xf424, 0xf3c4, 0xf377, 0xf33a, 0xf30d, 0xf2ec, 0xf2d6, 0xf2cb, 0xf2c7, 0xf41f, 0xf7ee, 0xfde0, 0x053e, 0x0cd5,
    0x137c, 0x1890, 0x190c, 0x1655, 0x14ad, 0x1459, 0x1459, 0x1459, 0x1459, 0x1459, 0x169b, 0x1a14, 0x1ed1, 0x23b7,
    0x2783, 0x2903, 0x28ef, 0x28ce, 0x28a1, 0x286b, 0x282d, 0x27e9, 0x27a0, 0x2754, 0x2707, 0x26b9, 0x266d, 0x2622,
    0x25d9, 0x2595, 0x2556, 0x251b, 0x24e7, 0x24ba, 0x2494, 0x2475, 0x245f, 0x2451, 0x244c, 0x24ad, 0x2584, 0x2648,
    0x2673, 0x25cd, 0x2496, 0x235c, 0x2102, 0x1c83, 0x1793, 0x1545, 0x1545, 0x1545, 0x1545, 0x1545, 0xeab1, 0xede4,
    0xf20d, 0xf624, 0xf8fd, 0xf948, 0xf7ef, 0xf69f, 0xf559, 0xf420, 0xf2f6, 0xf1da, 0xf0cf, 0xefd4, 0xeee8, 0xee0d,
    0xed42, 0xec86, 0xebda, 0xeb3d, 0xeaaf, 0xea31, 0xe9c2, 0xe963, 0xe914, 0xe8d6, 0xe8a8, 0xe88c, 0xe883, 0xea08,
    0xee3b, 0xf48b, 0xfc07, 0x0341, 0x08d6, 0x0bea, 0x069e, 0xf9e6, 0xee49, 0xe969, 0xe969, 0xe969, 0xe969, 0xe969,
    0x06e1, 0x06e1, 0x06e1, 0x06e1, 0x06e1, 0x06e1, 0x06e8, 0x06fe, 0x0721, 0x074e, 0x0785, 0x07c2, 0x0806, 0x084d,
    0x0897, 0x08e1, 0x092b, 0x0973, 0x09b8, 0x09f9, 0x0a35, 0x0a6b, 0x0a9c, 0x0ac6, 0x0aea, 0x0b06, 0x0b1b, 0x0b28,
    0x0b2c, 0x0b36, 0x0b46, 0x0b42, 0x0b14, 0x0ab0, 0x0a1a, 0x095c, 0x087e, 0x07ab, 0x0717, 0x06e1, 0x06e1, 0x06e1,
    0x06e1, 0x06e1, 0x0524, 0x0524, 0x0524, 0x0524, 0x0524, 0x0524, 0x0519, 0x04fa, 0x04c9, 0x0487, 0x0436, 0x03d7,
    0x036d, 0x02f8, 0x027b, 0x01f7, 0x016f, 0x00e5, 0x005a, 0xffd1, 0xff4d, 0xfed0, 0xfe5b, 0xfdf3, 0xfd98, 0xfd4d,
    0xfd15, 0xfcf1, 0xfce5, 0xfd12, 0xfd91, 0xfe53, 0xff41, 0x0046, 0x014a, 0x0244, 0x0339, 0x0423, 0x04da, 0x0524,
    0x0524, 0x0524, 0x0524, 0x0524, 0x3ac1, 0x3ac1, 0x3ac1, 0x3ac1, 0x3ac1, 0x3ac1, 0x3ad2, 0x3b00, 0x3b4b, 0x3bae,
    0x3c26, 0x3cb1, 0x3d4b, 0x3df1, 0x3ea1, 0x3f56, 0x400f, 0x40c8, 0x417f, 0x4230, 0x42da, 0x437a, 0x440c, 0x448f,
    0x44ff, 0x455b, 0x45a0, 0x45cc, 0x45db, 0x44ba, 0x41cf, 0x3dd1, 0x397b, 0x3589, 0x32b4, 0x31ac, 0x3325, 0x3644,
    0x395b, 0x3ac1, 0x3ac1, 0x3ac1, 0x3ac1, 0x3ac1, 0xfd24, 0xfd29, 0xfd2f, 0xfd38, 0xfd43, 0xfd50, 0xfd5d, 0xfd6c,
    0xfd7b, 0xfd8a, 0xfd99, 0xfda8, 0xfdb5, 0xfdc0, 0xfdc9, 0xfdd0, 0xfdd3, 0xfdd2, 0xfdcd, 0xfdc4, 0xfdb5, 0xfda2,
    0xfd8a, 0xfd6c, 0xfd49, 0xfd23, 0xfcfc, 0xfce4, 0xfcea, 0xfd23, 0xfdad, 0xfe8b, 0xff98, 0x0092, 0x013d, 0x017b,
    0x00cf, 0xff2f, 0xfdaf, 0xfd23, 0xfd23, 0xfd23, 0xfd23, 0xfd23, 0x0854, 0x0858, 0x085e, 0x0866, 0x0870, 0x087a,
    0x0885, 0x0891, 0x089c, 0x08a7, 0x08b2, 0x08bc, 0x08c4, 0x08cb, 0x08d1, 0x08d5, 0x08d7, 0x08d6, 0x08d3, 0x08ce,
    0x08c5, 0x08b8, 0x08a7, 0x0891, 0x0875, 0x0853, 0x082c, 0x0812, 0x0819, 0x0853, 0x08bf, 0x092d, 0x0966, 0x095b,
    0x0931, 0x091a, 0x0950, 0x0958, 0x08c1, 0x0853, 0x0853, 0x0853, 0x0853, 0x0853, 0xaa8f, 0xaacb, 0xab28, 0xaba3,
    0xac36, 0xacdd, 0xad92, 0xae50, 0xaf13, 0xafd5, 0xb090, 0xb141, 0xb1e0, 0xb269, 0xb2d6, 0xb321, 0xb345, 0xb33d,
    0xb304, 0xb293, 0xb1e7, 0xb0fa, 0xafc9, 0xae50, 0xac8b, 0xaa7a, 0xa849, 0xa6dc, 0xa739, 0xaa7a, 0xb181, 0xbb64,
    0xc656, 0xd03e, 0xd73c, 0xd9dd, 0xd2b1, 0xc222, 0xb19d, 0xaa7a, 0xaa7a, 0xaa7a, 0xaa7a, 0xaa7a, 0x9402, 0xa381,
    0xac16, 0xb013, 0xb1e0, 0xb27f, 0xb268, 0xb21e, 0xb200, 0xb27f, 0xb4f5, 0xc3cd, 0x99f6, 0xa371, 0xa43b, 0xa238,
    0x9c3b, 0x0ad4, 0xe341, 0xcbf9, 0xc498, 0xc1d5, 0xc0b9, 0xc052, 0xc036, 0xc022, 0xbfe8, 0xbf7e, 0xbedf, 0xbdff,
    0xbcc9, 0xbb1b, 0xb8be, 0xb55b, 0xb06c, 0xa947, 0x9fae, 0x9513, 0x8ccc, 0x89ae, 0x89ae, 0x89ae, 0x89ae, 0x89ae,
    0x3cc3, 0x3af8, 0x37d9, 0x33f7, 0x2fdd, 0x2c0a, 0x2902, 0x277a, 0x2836, 0x2c0a, 0x3350, 0x3bc8, 0x4497, 0x48ca,
    0x4a3f, 0x4983, 0x4749, 0x3b63, 0x3bdf, 0x394b, 0x3669, 0x340b, 0x3248, 0x3118, 0x3072, 0x3049, 0x308f, 0x3135,
    0x322c, 0x3362, 0x34c5, 0x3645, 0x37ce, 0x394c, 0x3aa8, 0x3bc9, 0x3c97, 0x3d06, 0x3d2d, 0x3d33, 0x3d33, 0x3d33,
    0x3d33, 0x3d33, 0x00f6, 0x105c, 0x18cf, 0x1ca8, 0x1e58, 0x1ee8, 0x1ed4, 0x1e96, 0x1e7b, 0x1ee8, 0x212d, 0x2fc7,
    0x05b9, 0x0f16, 0x0fd9, 0x0de0, 0x07fb, 0x76b1, 0x4f40, 0x3819, 0x30d1, 0x2e22, 0x2d16, 0x2cbc, 0x2caa, 0x2ca1,
    0x2c71, 0x2c13, 0x2b80, 0x2aad, 0x2983, 0x27e1, 0x2590, 0x2238, 0x1d52, 0x1636, 0x0ca3, 0x020e, 0xf9c9, 0xf6ad,
    0xf6ad, 0xf6ad, 0xf6ad, 0xf6ad, 0xd1b0, 0xd599, 0xdaee, 0xe09e, 0xe591, 0xe8c1, 0xe9a3, 0xe923, 0xe875, 0xe8c1,
    0xeae2, 0xee0b, 0xf0dc, 0xf278, 0xf319, 0xf30e, 0xf288, 0xf1b3, 0xf0c5, 0xeffe, 0xef99, 0xef87, 0xefa3, 0xefc2,
    0xefae, 0xef28, 0xedf7, 0xec23, 0xe9c7, 0xe703, 0xe3f9, 0xe0cc, 0xdd9f, 0xda91, 0xd7bd, 0xd53c, 0xd325, 0xd18d,
    0xd088, 0xd02c, 0xd02c, 0xd02c, 0xd02c, 0xd02c, 0xff29, 0xff9f, 0x006a, 0x017c, 0x02a8, 0x039e, 0x0407, 0x03f4,
    0x03b3, 0x039e, 0x03ab, 0x033f, 0x024d, 0x017b, 0x0125, 0x014d, 0x01d8, 0x02a5, 0x039f, 0x04c3, 0x061a, 0x0793,
    0x090f, 0x0a6c, 0x0b88, 0x0c48, 0x0c96, 0x0c7c, 0x0c03, 0x0b33, 0x0a17, 0x08bc, 0x0732, 0x0590, 0x03ed, 0x0263,
    0x0109, 0xfff6, 0xff42, 0xff01, 0xff01, 0xff01, 0xff01, 0xff01, 0xface, 0xf99e, 0xf7e2, 0xf5d0, 0xf38f, 0xf12a,
    0xeec2, 0xed36, 0xeda1, 0xf12a, 0xf871, 0x014e, 0x08ad, 0x0c64, 0x0ce1, 0x0b06, 0x0798, 0x035d, 0xff25, 0xfbce,
    0xf9ff, 0xf990, 0xfa24, 0xfb5c, 0xfcd7, 0xfe2b, 0xff03, 0xff5e, 0xff54, 0xfefe, 0xfe78, 0xfdda, 0xfd3b, 0xfca9,
    0xfc2f, 0xfbd1, 0xfb8d, 0xfb60, 0xfb47, 0xfb3e, 0xfb3e, 0xfb3e, 0xfb3e, 0xfb3e, 0x2f20, 0x2f50, 0x2f88, 0x2fb7,
    0x2fcf, 0x2fcb, 0x2fb1, 0x2f9a, 0x2fa1, 0x2fcb, 0x2fed, 0x2fca, 0x2f6d, 0x2f31, 0x2f48, 0x2fa8, 0x3028, 0x3094,
    0x30c5, 0x30a5, 0x3037, 0x2f9f, 0x2f00, 0x2e71, 0x2e02, 0x2dba, 0x2d98, 0x2d91, 0x2d9d, 0x2db5, 0x2dd5, 0x2dfc,
    0x2e26, 0x2e52, 0x2e7e, 0x2ea9, 0x2ed0, 0x2ef0, 0x2f05, 0x2f0d, 0x2f0d, 0x2f0d, 0x2f0d, 0x2f0d, 0xfdd3, 0xfeb4,
    0x000d, 0x01c3, 0x03ba, 0x05d2, 0x07d1, 0x0904, 0x08a0, 0x05d2, 0x0029, 0xf906, 0xf25d, 0xedac, 0xeae8, 0xe9b7,
    0xe9c8, 0xead0, 0xec82, 0xee8b, 0xf0a9, 0xf2c5, 0xf4d7, 0xf6cf, 0xf89e, 0xfa2f, 0xfb76, 0xfc74, 0xfd33, 0xfdb9,
    0xfe0f, 0xfe3c, 0xfe4a, 0xfe3f, 0xfe22, 0xfdfb, 0xfdd1, 0xfdaa, 0xfd8e, 0xfd83, 0xfd83, 0xfd83, 0xfd83, 0xfd83,
    0x0361, 0x0240, 0x00ac, 0xfee0, 0xfd1f, 0xfba2, 0xfaa1, 0xfa3a, 0xfa88, 0xfba2, 0xfd78, 0xff83, 0x0122, 0x01bc,
    0x015e, 0x0051, 0xfef2, 0xfda7, 0xfccc, 0xfcb2, 0xfd8b, 0xff1d, 0x0120, 0x034c, 0x0560, 0x0720, 0x085e, 0x0921,
    0x097c, 0x0980, 0x093b, 0x08bd, 0x0815, 0x0751, 0x0680, 0x05b3, 0x04f7, 0x045d, 0x03f6, 0x03cf, 0x03cf, 0x03cf,
    0x03cf, 0x03cf, 0x01d2, 0x08a5, 0x1256, 0x1d61, 0x27fc, 0x303a, 0x345c, 0x2667, 0xff2b, 0xd4a6, 0xc46c, 0xc4b5,
    0xc585, 0xc6cf, 0xc881, 0xca8f, 0xcce7, 0xcf7a, 0xd239, 0xd516, 0xd808, 0xdb09, 0xde0f, 0xe114, 0xe411, 0xe6ff,
    0xe9d8, 0xec96, 0xef36, 0xf1b2, 0xf405, 0xf62d, 0xf825, 0xf9e8, 0xfb73, 0xfcc1, 0xfdcd, 0xfe94, 0xff0f, 0xff39,
    0xff39, 0xff39, 0xff39, 0xff39, 0xfde2, 0x0145, 0x05fa, 0x0ac5, 0x0e6c, 0x1073, 0x110a, 0x0d38, 0xfa2e, 0xea9a,
    0xe96b, 0xe968, 0xe961, 0xe95c, 0xe95e, 0xe96e, 0xe993, 0xe9d2, 0xea30, 0xeaae, 0xeb4d, 0xec0e, 0xeced, 0xede9,
    0xeeff, 0xf028, 0xf160, 0xf2a2, 0xf3e6, 0xf528, 0xf660, 0xf789, 0xf89e, 0xf99a, 0xfa78, 0xfb36, 0xfbcf, 0xfc40,
    0xfc86, 0xfc9e, 0xfc9e, 0xfc9e, 0xfc9e, 0xfc9e, 0xd1c0, 0xd191, 0xd24d, 0xd476, 0xd7ac, 0xdaca, 0xdca1, 0xd6f8,
    0xd09b, 0xdd96, 0xe53f, 0xe518, 0xe4a7, 0xe3f5, 0xe30c, 0xe1f6, 0xe0bc, 0xdf6a, 0xde0c, 0xdcac, 0xdb50, 0xda00,
    0xd8c0, 0xd796, 0xd685, 0xd591, 0xd4bb, 0xd405, 0xd36f, 0xd2f6, 0xd299, 0xd254, 0xd225, 0xd207, 0xd1f7, 0xd1f1,
    0xd1f1, 0xd1f4, 0xd1f8, 0xd1f9, 0xd1f9, 0xd1f9, 0xd1f9, 0xd1f9, 0xaf12, 0xad99, 0xac23, 0xab7b, 0xab7e, 0xab85,
    0xab90, 0xaba0, 0xabb4, 0xabcb, 0xabe5, 0xac03, 0xac23, 0xac46, 0xac6c, 0xac93, 0xacbc, 0xace6, 0xad12, 0xad3e,
    0xad6b, 0xad99, 0xadc6, 0xadf4, 0xae20, 0xae4c, 0xae77, 0xaea1, 0xaec9, 0xaeee, 0xaf12, 0xaf33, 0xaf52, 0xaf6d,
    0xaf85, 0xaf99, 0xafa9, 0xafb5, 0xafbc, 0xafbf, 0xafbf, 0xafbf, 0xafbf, 0xafbf, 0x0106, 0x006d, 0xffca, 0xff7e,
    0xff7f, 0xff82, 0xff88, 0xff8f, 0xff98, 0xffa2, 0xffae, 0xffbc, 0xffca, 0xffda, 0xffeb, 0xfffc, 0x000f, 0x0021,
    0x0034, 0x0047, 0x005a, 0x006d, 0x0080, 0x0093, 0x00a6, 0x00b7, 0x00c9, 0x00d9, 0x00e9, 0x00f8, 0x0106, 0x0113,
    0x011f, 0x0129, 0x0132, 0x013a, 0x0140, 0x0144, 0x0147, 0x0148, 0x0148, 0x0148, 0x0148, 0x0148, 0x131c, 0x1212,
    0x110c, 0x1098, 0x1099, 0x109e, 0x10a6, 0x10b1, 0x10bf, 0x10cf, 0x10e1, 0x10f6, 0x110c, 0x1125, 0x113f, 0x115a,
    0x1177, 0x1194, 0x11b3, 0x11d2, 0x11f2, 0x1212, 0x1232, 0x1251, 0x1271, 0x1290, 0x12ae, 0x12cc, 0x12e8, 0x1303,
    0x131c, 0x1334, 0x134a, 0x135d, 0x136e, 0x137c, 0x1388, 0x1390, 0x1396, 0x1397, 0x1397, 0x1397, 0x1397, 0x1397,
    0xec9b, 0xf270, 0xf972, 0xff43, 0x0189, 0x0026, 0xfcc4, 0xf7d5, 0xf21f, 0xecbc, 0xe8bf, 0xe635, 0xe478, 0xe35b,
    0xe2b5, 0xe261, 0xe239, 0xe21b, 0xe1e5, 0xe174, 0xe0b5, 0xdfbd, 0xdeac, 0xdda1, 0xdcbb, 0xdc1b, 0xdbdf, 0xdf1c,
    0xe74a, 0xf1d4, 0xfb3b, 0xff83, 0x00ba, 0x0264, 0x0349, 0x02b7, 0xfe08, 0xf599, 0xeda8, 0xea2f, 0xea2f, 0xea2f,
    0xea2f, 0xea2f, 0xf923, 0xf90a, 0xf8aa, 0xf7b1, 0xf5d2, 0xf31c, 0xf02a, 0xedb1, 0xec3e, 0xebf9, 0xeca7, 0xeda6,
    0xee90, 0xef62, 0xf01d, 0xf0c5, 0xf15d, 0xf1eb, 0xf274, 0xf2fc, 0xf383, 0xf402, 0xf474, 0xf4d5, 0xf51f, 0xf54e,
    0xf55f, 0xf441, 0xf165, 0xede3, 0xeb4d, 0xead3, 0xec90, 0xefbb, 0xf384, 0xf6bc, 0xf8b1, 0xf969, 0xf951, 0xf927,
    0xf927, 0xf927, 0xf927, 0xf927, 0xf4d0, 0xf491, 0xf4ad, 0xf580, 0xf774, 0xfadb, 0xff73, 0x04e2, 0x0a69, 0x0ef9,
    0x117f, 0x127c, 0x131d, 0x137a, 0x13a5, 0x13ae, 0x13a2, 0x138c, 0x1378, 0x136d, 0x1366, 0x1355, 0x133d, 0x1322,
    0x1309, 0x12f6, 0x12ef, 0x135a, 0x13ee, 0x13a6, 0x1260, 0x112e, 0x0e99, 0x0996, 0x03ad, 0xfe04, 0xf9b5, 0xf6e0,
    0xf563, 0xf4fe, 0xf4fe, 0xf4fe, 0xf4fe, 0xf4fe, 0x1c4b, 0x18f7, 0x14f3, 0x1183, 0x0fef, 0x0f6d, 0x0e97, 0x0dc0,
    0x0d23, 0x0cd0, 0x0cb8, 0x0cd2, 0x0d21, 0x0da3, 0x0e59, 0x0f43, 0x1061, 0x11b1, 0x1332, 0x14e1, 0x16b7, 0x1899,
    0x1a69, 0x1c07, 0x1d54, 0x1e32, 0x1e83, 0x1dc2, 0x1bd9, 0x1952, 0x16af, 0x146d, 0x12f7, 0x1240, 0x1206, 0x1211,
    0x13f0, 0x17ed, 0x1be3, 0x1dae, 0x1dae, 0x1dae, 0x1dae, 0x1dae, 0xfe13, 0xfbd6, 0xf910, 0xf6b2, 0xf5b7, 0xf62a,
    0xf74f, 0xf8e4, 0xfa8e, 0xfbdf, 0xfc67, 0xfc4f, 0xfc0c, 0xfba6, 0xfb26, 0xfa97, 0xfa01, 0xf96e, 0xf8e7, 0xf872,
    0xf815, 0xf7d1, 0xf7a3, 0xf787, 0xf778, 0xf772, 0xf770, 0xf796, 0xf7ee, 0xf854, 0xf89d, 0xf893, 0xf880, 0xf8a1,
    0xf8cf, 0xf8e4, 0xf9de, 0xfc04, 0xfe14, 0xfefa, 0xfefa, 0xfefa, 0xfefa, 0xfefa, 0xee81, 0xeda4, 0xecde, 0xec7c,
    0xec81, 0xee1e, 0xf1d6, 0xf693, 0xfb3f, 0xfecc, 0x0036, 0x0010, 0xffa3, 0xfefe, 0xfe2a, 0xfd33, 0xfc22, 0xfb03,
    0xf9e3, 0xf8cc, 0xf7cc, 0xf6e7, 0xf623, 0xf583, 0xf50c, 0xf4c2, 0xf4a9, 0xf4e4, 0xf570, 0xf614, 0xf6a0, 0xf6ec,
    0xf568, 0xf1e7, 0xee5b, 0xeca7, 0xeccd, 0xed7e, 0xee6d, 0xeeeb, 0xeeeb, 0xeeeb, 0xeeeb, 0xeeeb, 0x0295, 0x04a4,
    0x087d, 0x0d2a, 0x0f95, 0x0dc7, 0x0a50, 0x0791, 0x065e, 0x0660, 0x069d, 0x069d, 0x069d, 0x069d, 0x069d, 0x069d,
    0x069d, 0x069d, 0x069d, 0x069d, 0x0694, 0x0679, 0x0650, 0x061a, 0x05d9, 0x0590, 0x0541, 0x04ed, 0x0497, 0x043f,
    0x03e8, 0x0394, 0x0342, 0x02f7, 0x02b1, 0x0275, 0x0243, 0x021c, 0x0204, 0x01fc, 0x01fc, 0x01fc, 0x01fc, 0x01fc,
    0x02f9, 0x0a0b, 0x122b, 0x184e, 0x1a9a, 0x178e, 0x0f4d, 0x03b0, 0xf7d5, 0xef06, 0xeba6, 0xeba6, 0xeba6, 0xeba6,
    0xeba6, 0xeba6, 0xeba6, 0xeba6, 0xeba6, 0xeba6, 0xebcb, 0xec36, 0xece0, 0xedc0, 0xeecf, 0xf007, 0xf15e, 0xf2ce,
    0xf44e, 0xf5d6, 0xf75e, 0xf8dd, 0xfa4d, 0xfba4, 0xfcdb, 0xfdea, 0xfeca, 0xff73, 0xffde, 0x0004, 0x0004, 0x0004,
    0x0004, 0x0004, 0x0171, 0x062f, 0x0cd8, 0x1399, 0x16d2, 0x146a, 0x0f40, 0x09c5, 0x04ff, 0x016d, 0xfff4, 0xfff4,
    0xfff4, 0xfff4, 0xfff4, 0xfff4, 0xfff4, 0xfff4, 0xfff4, 0xfff4, 0xfff6, 0xfffa, 0x0002, 0x0009, 0x0011, 0x0017,
    0x001b, 0x001c, 0x001a, 0x0014, 0x000b, 0xfffe, 0xfff0, 0xffe0, 0xffd0, 0xffc0, 0xffb1, 0xffa6, 0xff9e, 0xff9b,
    0xff9b, 0xff9b, 0xff9b, 0xff9b, 0x5173, 0x50a1, 0x4fcf, 0x4f70, 0x4f72, 0x4f76, 0x4f7c, 0x4f85, 0x4f90, 0x4f9d,
    0x4fac, 0x4fbd, 0x4fcf, 0x4fe3, 0x4ff8, 0x500e, 0x5025, 0x503d, 0x5055, 0x506e, 0x5088, 0x50a1, 0x50ba, 0x50d4,
    0x50ed, 0x5105, 0x511d, 0x5134, 0x514a, 0x515f, 0x5173, 0x5185, 0x5196, 0x51a5, 0x51b2, 0x51bd, 0x51c6, 0x51cd,
    0x51d1, 0x51d2, 0x51d2, 0x51d2, 0x51d2, 0x51d2, 0xf926, 0xf8c7, 0xf867, 0xf83b, 0xf83c, 0xf83e, 0xf841, 0xf845,
    0xf84a, 0xf850, 0xf857, 0xf85f, 0xf867, 0xf870, 0xf87a, 0xf884, 0xf88f, 0xf89a, 0xf8a5, 0xf8b0, 0xf8bc, 0xf8c7,
    0xf8d3, 0xf8de, 0xf8e9, 0xf8f5, 0xf8ff, 0xf90a, 0xf914, 0xf91d, 0xf926, 0xf92e, 0xf936, 0xf93c, 0xf942, 0xf947,
    0xf94b, 0xf94e, 0xf950, 0xf951, 0xf951, 0xf951, 0xf951, 0xf951, 0x11f1, 0x11b6, 0x117d, 0x1164, 0x1165, 0x1166,
    0x1167, 0x116a, 0x116d, 0x1170, 0x1174, 0x1178, 0x117d, 0x1183, 0x1188, 0x118e, 0x1194, 0x119b, 0x11a1, 0x11a8,
    0x11af, 0x11b6, 0x11bd, 0x11c4, 0x11cb, 0x11d2, 0x11d8, 0x11df, 0x11e5, 0x11eb, 0x11f1, 0x11f6, 0x11fb, 0x11ff,
    0x1203, 0x1206, 0x1209, 0x120a, 0x120c, 0x120c, 0x120c, 0x120c, 0x120c, 0x120c, 0x0f51, 0x101d, 0x114f, 0x12ca,
    0x1471, 0x1627, 0x17ce, 0x1949, 0x1a7c, 0x1b48, 0x1b93, 0x1b22, 0x19f7, 0x1850, 0x1668, 0x147f, 0x12d2, 0x11a2,
    0x112f, 0x116d, 0x120e, 0x12f1, 0x13f3, 0x14f6, 0x15d6, 0x1674, 0x16b0, 0x136d, 0x0b44, 0x00fa, 0xf829, 0xf49a,
    0xf525, 0xf67a, 0xf8cd, 0xfc79, 0x01e0, 0x07f5, 0x0cf4, 0x0f06, 0x0f06, 0x0f06, 0x0f06, 0x0f06, 0x0801, 0x07f2,
    0x07df, 0x07cb, 0x07b9, 0x07ad, 0x07a6, 0x07a5, 0x07a6, 0x07a9, 0x07ab, 0x07df, 0x086a, 0x0931, 0x0a18, 0x0b00,
    0x0bcb, 0x0c5b, 0x0c91, 0x0c84, 0x0c62, 0x0c32, 0x0bfa, 0x0bc2, 0x0b8f, 0x0b6c, 0x0b5e, 0x0c59, 0x0e97, 0x10e7,
    0x1265, 0x12e3, 0x125d, 0x10fb, 0x0efb, 0x0ca6, 0x0a84, 0x08ff, 0x0839, 0x0806, 0x0806, 0x0806, 0x0806, 0x0806,
    0xf869, 0xf82b, 0xf7cc, 0xf756, 0xf6d2, 0xf649, 0xf5c4, 0xf54d, 0xf4ec, 0xf4ac, 0xf495, 0xf4a3, 0xf4c7, 0xf4f4,
    0xf51e, 0xf53e, 0xf552, 0xf55e, 0xf567, 0xf578, 0xf596, 0xf5bd, 0xf5e5, 0xf60b, 0xf62a, 0xf63f, 0xf647, 0xf5e1,
    0xf499, 0xf280, 0xf087, 0xf029, 0xf223, 0xf569, 0xf8bb, 0xfad6, 0xfb1d, 0xfa3d, 0xf912, 0xf880, 0xf880, 0xf880,
    0xf880, 0xf880, 0xf45d, 0xf680, 0xf9b4, 0xfdb4, 0x0240, 0x071b, 0x0c0c, 0x10ce, 0x14ff, 0x17dc, 0x1713, 0x0939,
    0x28da, 0x1b23, 0x1462, 0x0ed2, 0x0a4f, 0x074a, 0x064d, 0x067e, 0x06b4, 0x0713, 0x07bd, 0x08d4, 0x0a7b, 0x0cd3,
    0x0ffc, 0x14a0, 0x1a8c, 0x20d3, 0x2711, 0x2d8d, 0x3d4d, 0xe286, 0xf8cc, 0xfee8, 0xfd7c, 0xf90c, 0xf526, 0xf394,
    0xf394, 0xf394, 0xf394, 0xf394, 0x0a2b, 0x0be7, 0x0eac, 0x125e, 0x16d1, 0x1bcf, 0x2119, 0x267d, 0x2be2, 0x314e,
    0x36dc, 0x3cb0, 0x4415, 0x4b15, 0x5216, 0x5839, 0x5ce1, 0x5fca, 0x60e7, 0x610f, 0x6127, 0x6131, 0x612f, 0x6124,
    0x6117, 0x6111, 0x6123, 0x6170, 0x61df, 0x6202, 0x6136, 0x5e9b, 0x5754, 0x29e5, 0x1eed, 0x1729, 0x1370, 0x0f37,
    0x0b4f, 0x0991, 0x0991, 0x0991, 0x0991, 0x0991, 0xcf92, 0xcf3f, 0xcedf, 0xcea5, 0xcec3, 0xcf63, 0xd09f, 0xd275,
    0xd4b4, 0xd6c7, 0xd685, 0xcb8c, 0xf0dd, 0xeb05, 0xed84, 0xf172, 0xf552, 0xf848, 0xf9b8, 0xfa1e, 0xfa5b, 0xfa8d,
    0xfad0, 0xfb3f, 0xfbf7, 0xfd13, 0xfead, 0x0164, 0x052f, 0x0974, 0x0e18, 0x13b2, 0x2305, 0xc7c7, 0xdd7c, 0xe2d5,
    0xdfb6, 0xd8a8, 0xd255, 0xcfb3, 0xcfb3, 0xcfb3, 0xcfb3, 0xcfb3, 0xfec6, 0x0043, 0x0285, 0x055b, 0x088c, 0x0bda,
    0x0f05, 0x11d4, 0x1418, 0x15ac, 0x166b, 0x1623, 0x14ec, 0x130b, 0x10c2, 0x0e4f, 0x0bf6, 0x0a04, 0x08d3, 0x0813,
    0x0739, 0x064c, 0x0554, 0x0456, 0x035c, 0x026d, 0x018f, 0x00c8, 0x001b, 0xff89, 0xff15, 0xfebd, 0xfe7e, 0xfe55,
    0xfe3d, 0xfe34, 0xfe33, 0xfe36, 0xfe3b, 0xfe3d, 0xfe3d, 0xfe3d, 0xfe3d, 0xfe3d, 0xfd16, 0xfcdb, 0xfc98, 0xfc6c,
    0xfc6e, 0xfca9, 0xfd12, 0xfd8d, 0xfdf0, 0xfe0b, 0xfdad, 0xfc79, 0xfa5e, 0xf7a1, 0xf491, 0xf188, 0xeee4, 0xecfe,
    0xec2b, 0xec16, 0xec33, 0xec81, 0xecfe, 0xeda8, 0xee7d, 0xef77, 0xf093, 0xf1c9, 0xf312, 0xf465, 0xf5bb, 0xf70b,
    0xf84b, 0xf976, 0xfa82, 0xfb6a, 0xfc28, 0xfcb6, 0xfd10, 0xfd2f, 0xfd2f, 0xfd2f, 0xfd2f, 0xfd2f, 0x0972, 0x07e1,
    0x057d, 0x0277, 0xff07, 0xfb6e, 0xf7ea, 0xf4b6, 0xf200, 0xeff0, 0xeeaa, 0xedcc, 0xece8, 0xec20, 0xeb91, 0xeb4b,
    0xeb4c, 0xeb79, 0xebab, 0xec09, 0xecce, 0xedee, 0xef5a, 0xf105, 0xf2e2, 0xf4e2, 0xf6fa, 0xf91d, 0xfb41, 0xfd5d,
    0xff66, 0x0158, 0x0327, 0x04cf, 0x0648, 0x078c, 0x0895, 0x095b, 0x09d7, 0x0a03, 0x0a03, 0x0a03, 0x0a03, 0x0a03,
};

JointIndex gMiniblinSkelTailattackAnimJointIndices[28] = {
    {
        0x0000,
        0x002c,
        0x0058,
    },
    {
        0x0084,
        0x00b0,
        0x00dc,
    },
    {
        0x0108,
        0x0134,
        0x0160,
    },
    {
        0x018c,
        0x01b8,
        0x01e4,
    },
    {
        0x0210,
        0x023c,
        0x0268,
    },
    {
        0x0294,
        0x02c0,
        0x02ec,
    },
    {
        0x0318,
        0x0344,
        0x0370,
    },
    {
        0x039c,
        0x03c8,
        0x03f4,
    },
    {
        0x0420,
        0x044c,
        0x0478,
    },
    {
        0x04a4,
        0x04d0,
        0x04fc,
    },
    {
        0x0528,
        0x0554,
        0x0580,
    },
    {
        0x05ac,
        0x05d8,
        0x0604,
    },
    {
        0x0630,
        0x065c,
        0x0688,
    },
    {
        0x06b4,
        0x06e0,
        0x070c,
    },
    {
        0x0738,
        0x0764,
        0x0790,
    },
    {
        0x07bc,
        0x07e8,
        0x0814,
    },
    {
        0x0840,
        0x086c,
        0x0898,
    },
    {
        0x08c4,
        0x08f0,
        0x091c,
    },
    {
        0x0948,
        0x0974,
        0x09a0,
    },
    {
        0x09cc,
        0x09f8,
        0x0a24,
    },
    {
        0x0a50,
        0x0a7c,
        0x0aa8,
    },
    {
        0x0ad4,
        0x0b00,
        0x0b2c,
    },
    {
        0x0b58,
        0x0b84,
        0x0bb0,
    },
    {
        0x0bdc,
        0x0c08,
        0x0c34,
    },
    {
        0x0c60,
        0x0c8c,
        0x0cb8,
    },
    {
        0x0ce4,
        0x0d10,
        0x0d3c,
    },
    {
        0x0d68,
        0x0d94,
        0x0dc0,
    },
    {
        0x0dec,
        0x0e18,
        0x0e44,
    },
};

AnimationHeader gMiniblinSkelTailattackAnim = {
    { 44 }, gMiniblinSkelTailattackAnimFrameData, gMiniblinSkelTailattackAnimJointIndices, 0
};
